seed,condition,step,task,task_class,lambda_value,status,missing_reason,p_hat,p_ref,physical_branch,candidate_origin,predicted_objective,physical_objective,reference_objective,D,physical_gradient,neural_gradient,physical_kkt,neural_kkt,alpha_grid_float,beta_ref_conditional,branch_mismatch,D_negative,numerical_status
20262001,M1_16,300,B_half,secondary_boundary_or_transition,0.48619093525492485,AVAILABLE,,0.2,0.2,upper_boundary,upper_boundary,0.11486940095417295,0.19553766073977313,0.19553766073977313,0.0,-0.48619093525492485,-2.4760625234665574,0.0,0.0,1.8607495758458099e-07,0.0,False,False,FLOATING_D_NOT_CERTIFIED_REGRET
20262001,M1_16,300,B_transition,secondary_boundary_or_transition,0.9723818705098497,AVAILABLE,,0.2,0.2,upper_boundary,upper_boundary,0.21210758800515792,0.2927758477907581,0.2927758477907581,0.0,0.0,-1.9898715882116325,0.0,0.0,1.8607495758458099e-07,0.0,False,False,FLOATING_D_NOT_CERTIFIED_REGRET
20262001,M1_16,300,interior_quarter,primary_interior,3.0577097236693422,AVAILABLE,,0.02,0.09106390413362532,interior,lower_boundary,0.5812029558032439,0.7324041787672679,0.5717823130524995,0.16062186571476844,-6.2559835594784765,0.9518532413975711,6.2559835594784765,0.0,1.8607495758458099e-07,1.7394489966658385e-19,True,False,FLOATING_D_NOT_CERTIFIED_REGRET
20262001,M1_16,300,interior_half,primary_interior,5.143037576828834,AVAILABLE,,0.02,0.05259262098465113,interior,lower_boundary,0.6229095128664337,0.7741107358304578,0.7163464974857452,0.05776423834471256,-4.170655706318985,3.037181094557063,4.170655706318985,0.0,1.8607495758458099e-07,1.7394489966658385e-19,True,False,FLOATING_D_NOT_CERTIFIED_REGRET
20262001,M1_16,300,interior_three_quarters,primary_interior,7.228365429988326,AVAILABLE,,0.02,0.032677022493444396,interior,lower_boundary,0.6646160699296235,0.8158172928936476,0.8034316653216095,0.012385627572038094,-2.0853278531594928,5.122508947716555,2.0853278531594928,0.0,1.8607495758458099e-07,1.7394489966658385e-19,True,False,FLOATING_D_NOT_CERTIFIED_REGRET
20262001,M1_16,300,A_transition,secondary_boundary_or_transition,9.313693283147819,AVAILABLE,,0.02,0.02,lower_boundary,lower_boundary,0.7063226269928133,0.8575238499568374,0.8575238499568374,0.0,0.0,7.207836800876048,0.0,0.0,1.8607495758458099e-07,0.0,False,False,FLOATING_D_NOT_CERTIFIED_REGRET
20262001,M1_16,300,A_three_halves,secondary_boundary_or_transition,13.970539924721727,AVAILABLE,,0.02,0.02,lower_boundary,lower_boundary,0.7994595598242915,0.9506607827883156,0.9506607827883156,0.0,4.6568466415739085,11.864683442449955,0.0,0.0,1.8607495758458099e-07,0.0,False,False,FLOATING_D_NOT_CERTIFIED_REGRET
20262001,M1_16,3000,B_half,secondary_boundary_or_transition,0.48619093525492485,AVAILABLE,,0.2,0.2,upper_boundary,upper_boundary,0.1776114013699847,0.19553766073977313,0.19553766073977313,0.0,-0.48619093525492485,-2.063776879517539,0.0,0.0,3.8582628734419553e-07,0.0,False,False,FLOATING_D_NOT_CERTIFIED_REGRET
20262001,M1_16,3000,B_transition,secondary_boundary_or_transition,0.9723818705098497,AVAILABLE,,0.2,0.2,upper_boundary,upper_boundary,0.2748495884209697,0.2927758477907581,0.2927758477907581,0.0,0.0,-1.5775859442626141,0.0,0.0,3.8582628734419553e-07,0.0,False,False,FLOATING_D_NOT_CERTIFIED_REGRET
20262001,M1_16,3000,interior_quarter,primary_interior,3.0577097236693422,AVAILABLE,,0.09962890625000001,0.09106390413362532,interior,interior_grid,0.5671277685624241,0.5730637446849859,0.5717823130524995,0.0012814316324863961,0.2924822928552935,-0.003199728479030828,0.2924822928552935,0.003199728479030828,3.8582628734419553e-07,1.7394489966658385e-19,False,False,FLOATING_D_NOT_CERTIFIED_REGRET
20262001,M1_16,3000,interior_half,primary_interior,5.143037576828834,AVAILABLE,,0.048828125,0.05259262098465113,interior,interior_grid,0.7283027980079024,0.7169317636945964,0.7163464974857452,0.0005852662088512428,-0.31584140802267147,3.081932189186176e-05,0.31584140802267147,3.081932189186176e-05,3.8582628734419553e-07,1.7394489966658385e-19,False,False,FLOATING_D_NOT_CERTIFIED_REGRET
20262001,M1_16,3000,interior_three_quarters,primary_interior,7.228365429988326,AVAILABLE,,0.02,0.032677022493444396,interior,lower_boundary,0.7779634113051784,0.8158172928936476,0.8034316653216095,0.012385627572038094,-2.0853278531594928,1.613969731904918,2.0853278531594928,0.0,3.8582628734419553e-07,1.7394489966658385e-19,True,False,FLOATING_D_NOT_CERTIFIED_REGRET
20262001,M1_16,3000,A_transition,secondary_boundary_or_transition,9.313693283147819,AVAILABLE,,0.02,0.02,lower_boundary,lower_boundary,0.8196699683683683,0.8575238499568374,0.8575238499568374,0.0,0.0,3.6992975850644108,0.0,0.0,3.8582628734419553e-07,0.0,False,False,FLOATING_D_NOT_CERTIFIED_REGRET
20262001,M1_16,3000,A_three_halves,secondary_boundary_or_transition,13.970539924721727,AVAILABLE,,0.02,0.02,lower_boundary,lower_boundary,0.9128069011998465,0.9506607827883156,0.9506607827883156,0.0,4.6568466415739085,8.35614422663832,0.0,0.0,3.8582628734419553e-07,0.0,False,False,FLOATING_D_NOT_CERTIFIED_REGRET
20262001,M2_16,300,B_half,secondary_boundary_or_transition,0.48619093525492485,AVAILABLE,,0.2,0.2,upper_boundary,upper_boundary,0.09745397093086873,0.19553766073977313,0.19553766073977313,0.0,-0.48619093525492485,-2.509043287055433,0.0,0.0,1.7739265752951818e-07,0.0,False,False,FLOATING_D_NOT_CERTIFIED_REGRET
20262001,M2_16,300,B_transition,secondary_boundary_or_transition,0.9723818705098497,AVAILABLE,,0.2,0.2,upper_boundary,upper_boundary,0.19469215798185371,0.2927758477907581,0.2927758477907581,0.0,0.0,-2.022852351800508,0.0,0.0,1.7739265752951818e-07,0.0,False,False,FLOATING_D_NOT_CERTIFIED_REGRET
20262001,M2_16,300,interior_quarter,primary_interior,3.0577097236693422,AVAILABLE,,0.02,0.09106390413362532,interior,lower_boundary,0.5996078219299565,0.7324041787672679,0.5717823130524995,0.16062186571476844,-6.2559835594784765,0.45487376833871673,6.2559835594784765,0.0,1.7739265752951818e-07,1.7394489966658385e-19,True,False,FLOATING_D_NOT_CERTIFIED_REGRET
20262001,M2_16,300,interior_half,primary_interior,5.143037576828834,AVAILABLE,,0.02,0.05259262098465113,interior,lower_boundary,0.6413143789931464,0.7741107358304578,0.7163464974857452,0.05776423834471256,-4.170655706318985,2.5402016214982086,4.170655706318985,0.0,1.7739265752951818e-07,1.7394489966658385e-19,True,False,FLOATING_D_NOT_CERTIFIED_REGRET
20262001,M2_16,300,interior_three_quarters,primary_interior,7.228365429988326,AVAILABLE,,0.02,0.032677022493444396,interior,lower_boundary,0.6830209360563362,0.8158172928936476,0.8034316653216095,0.012385627572038094,-2.0853278531594928,4.6255294746577,2.0853278531594928,0.0,1.7739265752951818e-07,1.7394489966658385e-19,True,False,FLOATING_D_NOT_CERTIFIED_REGRET
20262001,M2_16,300,A_transition,secondary_boundary_or_transition,9.313693283147819,AVAILABLE,,0.02,0.02,lower_boundary,lower_boundary,0.724727493119526,0.8575238499568374,0.8575238499568374,0.0,0.0,6.710857327817193,0.0,0.0,1.7739265752951818e-07,0.0,False,False,FLOATING_D_NOT_CERTIFIED_REGRET
20262001,M2_16,300,A_three_halves,secondary_boundary_or_transition,13.970539924721727,AVAILABLE,,0.02,0.02,lower_boundary,lower_boundary,0.8178644259510042,0.9506607827883156,0.9506607827883156,0.0,4.6568466415739085,11.367703969391101,0.0,0.0,1.7739265752951818e-07,0.0,False,False,FLOATING_D_NOT_CERTIFIED_REGRET
20262001,M2_16,3000,B_half,secondary_boundary_or_transition,0.48619093525492485,AVAILABLE,,0.2,0.2,upper_boundary,upper_boundary,0.19090657769534047,0.19553766073977313,0.19553766073977313,0.0,-0.48619093525492485,-1.3078804769552295,0.0,0.0,4.070979099866813e-07,0.0,False,False,FLOATING_D_NOT_CERTIFIED_REGRET
20262001,M2_16,3000,B_transition,secondary_boundary_or_transition,0.9723818705098497,AVAILABLE,,0.2,0.2,upper_boundary,upper_boundary,0.28814476474632544,0.2927758477907581,0.2927758477907581,0.0,0.0,-0.8216895417003045,0.0,0.0,4.070979099866813e-07,0.0,False,False,FLOATING_D_NOT_CERTIFIED_REGRET
20262001,M2_16,3000,interior_quarter,primary_interior,3.0577097236693422,AVAILABLE,,0.09611328125000002,0.09106390413362532,interior,interior_grid,0.5615967972481289,0.5722360984547898,0.5717823130524995,0.000453785402290352,0.17729114148497915,-0.001529887820729936,0.17729114148497915,0.001529887820729936,4.070979099866813e-07,1.7394489966658385e-19,False,False,FLOATING_D_NOT_CERTIFIED_REGRET
20262001,M2_16,3000,interior_half,primary_interior,5.143037576828834,AVAILABLE,,0.06007812500000001,0.05259262098465113,interior,interior_grid,0.7242763175625808,0.7184617997072476,0.7163464974857452,0.0021153022215023576,0.5490731699013667,-0.004345279506820177,0.5490731699013667,0.004345279506820177,4.070979099866813e-07,1.7394489966658385e-19,False,False,FLOATING_D_NOT_CERTIFIED_REGRET
20262001,M2_16,3000,interior_three_quarters,primary_interior,7.228365429988326,AVAILABLE,,0.02,0.032677022493444396,interior,lower_boundary,0.8069926099707904,0.8158172928936476,0.8034316653216095,0.012385627572038094,-2.0853278531594928,0.1951905760676107,2.0853278531594928,0.0,4.070979099866813e-07,1.7394489966658385e-19,True,False,FLOATING_D_NOT_CERTIFIED_REGRET
20262001,M2_16,3000,A_transition,secondary_boundary_or_transition,9.313693283147819,AVAILABLE,,0.02,0.02,lower_boundary,lower_boundary,0.8486991670339802,0.8575238499568374,0.8575238499568374,0.0,0.0,2.2805184292271035,0.0,0.0,4.070979099866813e-07,0.0,False,False,FLOATING_D_NOT_CERTIFIED_REGRET
20262001,M2_16,3000,A_three_halves,secondary_boundary_or_transition,13.970539924721727,AVAILABLE,,0.02,0.02,lower_boundary,lower_boundary,0.9418360998654585,0.9506607827883156,0.9506607827883156,0.0,4.6568466415739085,6.937365070801012,0.0,0.0,4.070979099866813e-07,0.0,False,False,FLOATING_D_NOT_CERTIFIED_REGRET
20262001,M1_32,300,B_half,secondary_boundary_or_transition,0.48619093525492485,AVAILABLE,,0.2,0.2,upper_boundary,upper_boundary,0.11468938728865716,0.19553766073977313,0.19553766073977313,0.0,-0.48619093525492485,-2.4799443444444544,0.0,0.0,1.8601253471747774e-07,0.0,False,False,FLOATING_D_NOT_CERTIFIED_REGRET
20262001,M1_32,300,B_transition,secondary_boundary_or_transition,0.9723818705098497,AVAILABLE,,0.2,0.2,upper_boundary,upper_boundary,0.21192757433964213,0.2927758477907581,0.2927758477907581,0.0,0.0,-1.9937534091895295,0.0,0.0,1.8601253471747774e-07,0.0,False,False,FLOATING_D_NOT_CERTIFIED_REGRET
20262001,M1_32,300,interior_quarter,primary_interior,3.0577097236693422,AVAILABLE,,0.02,0.09106390413362532,interior,lower_boundary,0.5817737047371845,0.7324041787672679,0.5717823130524995,0.16062186571476844,-6.2559835594784765,0.9473617096600613,6.2559835594784765,0.0,1.8601253471747774e-07,1.7394489966658385e-19,True,False,FLOATING_D_NOT_CERTIFIED_REGRET
20262001,M1_32,300,interior_half,primary_interior,5.143037576828834,AVAILABLE,,0.02,0.05259262098465113,interior,lower_boundary,0.6234802618003743,0.7741107358304578,0.7163464974857452,0.05776423834471256,-4.170655706318985,3.032689562819553,4.170655706318985,0.0,1.8601253471747774e-07,1.7394489966658385e-19,True,False,FLOATING_D_NOT_CERTIFIED_REGRET
20262001,M1_32,300,interior_three_quarters,primary_interior,7.228365429988326,AVAILABLE,,0.02,0.032677022493444396,interior,lower_boundary,0.6651868188635641,0.8158172928936476,0.8034316653216095,0.012385627572038094,-2.0853278531594928,5.118017415979045,2.0853278531594928,0.0,1.8601253471747774e-07,1.7394489966658385e-19,True,False,FLOATING_D_NOT_CERTIFIED_REGRET
20262001,M1_32,300,A_transition,secondary_boundary_or_transition,9.313693283147819,AVAILABLE,,0.02,0.02,lower_boundary,lower_boundary,0.7068933759267539,0.8575238499568374,0.8575238499568374,0.0,0.0,7.203345269138538,0.0,0.0,1.8601253471747774e-07,0.0,False,False,FLOATING_D_NOT_CERTIFIED_REGRET
20262001,M1_32,300,A_three_halves,secondary_boundary_or_transition,13.970539924721727,AVAILABLE,,0.02,0.02,lower_boundary,lower_boundary,0.8000303087582321,0.9506607827883156,0.9506607827883156,0.0,4.6568466415739085,11.860191910712446,0.0,0.0,1.8601253471747774e-07,0.0,False,False,FLOATING_D_NOT_CERTIFIED_REGRET
20262001,M1_32,3000,B_half,secondary_boundary_or_transition,0.48619093525492485,AVAILABLE,,0.2,0.2,upper_boundary,upper_boundary,0.17801827361331074,0.19553766073977313,0.19553766073977313,0.0,-0.48619093525492485,-2.060122223013277,0.0,0.0,3.8644819534810236e-07,0.0,False,False,FLOATING_D_NOT_CERTIFIED_REGRET
20262001,M1_32,3000,B_transition,secondary_boundary_or_transition,0.9723818705098497,AVAILABLE,,0.2,0.2,upper_boundary,upper_boundary,0.2752564606642957,0.2927758477907581,0.2927758477907581,0.0,0.0,-1.573931287758352,0.0,0.0,3.8644819534810236e-07,0.0,False,False,FLOATING_D_NOT_CERTIFIED_REGRET
20262001,M1_32,3000,interior_quarter,primary_interior,3.0577097236693422,AVAILABLE,,0.09980468750000002,0.09106390413362532,interior,interior_grid,0.5670043914039677,0.5731156495072462,0.5717823130524995,0.0013333364547467585,0.29807669534488745,0.004623870889094661,0.29807669534488745,0.004623870889094661,3.8644819534810236e-07,1.7394489966658385e-19,False,False,FLOATING_D_NOT_CERTIFIED_REGRET
20262001,M1_32,3000,interior_half,primary_interior,5.143037576828834,AVAILABLE,,0.04953125,0.05259262098465113,interior,interior_grid,0.7285696257833558,0.7167312860478796,0.7163464974857452,0.00038478856213441937,-0.2545860849217334,0.0008757850140685974,0.2545860849217334,0.0008757850140685974,3.8644819534810236e-07,1.7394489966658385e-19,False,False,FLOATING_D_NOT_CERTIFIED_REGRET
20262001,M1_32,3000,interior_three_quarters,primary_interior,7.228365429988326,AVAILABLE,,0.02,0.032677022493444396,interior,lower_boundary,0.7789263121409984,0.8158172928936476,0.8034316653216095,0.012385627572038094,-2.0853278531594928,1.5834861893740575,2.0853278531594928,0.0,3.8644819534810236e-07,1.7394489966658385e-19,True,False,FLOATING_D_NOT_CERTIFIED_REGRET
20262001,M1_32,3000,A_transition,secondary_boundary_or_transition,9.313693283147819,AVAILABLE,,0.02,0.02,lower_boundary,lower_boundary,0.8206328692041882,0.8575238499568374,0.8575238499568374,0.0,0.0,3.6688140425335503,0.0,0.0,3.8644819534810236e-07,0.0,False,False,FLOATING_D_NOT_CERTIFIED_REGRET
20262001,M1_32,3000,A_three_halves,secondary_boundary_or_transition,13.970539924721727,AVAILABLE,,0.02,0.02,lower_boundary,lower_boundary,0.9137698020356664,0.9506607827883156,0.9506607827883156,0.0,4.6568466415739085,8.325660684107458,0.0,0.0,3.8644819534810236e-07,0.0,False,False,FLOATING_D_NOT_CERTIFIED_REGRET
20262002,M1_16,300,B_half,secondary_boundary_or_transition,0.48619093525492485,AVAILABLE,,0.2,0.2,upper_boundary,upper_boundary,0.11929880952874829,0.19553766073977313,0.19553766073977313,0.0,-0.48619093525492485,-2.547825579375004,0.0,0.0,7.45548375743898e-08,0.0,False,False,FLOATING_D_NOT_CERTIFIED_REGRET
20262002,M1_16,300,B_transition,secondary_boundary_or_transition,0.9723818705098497,AVAILABLE,,0.2,0.2,upper_boundary,upper_boundary,0.21653699657973324,0.2927758477907581,0.2927758477907581,0.0,0.0,-2.061634644120079,0.0,0.0,7.45548375743898e-08,0.0,False,False,FLOATING_D_NOT_CERTIFIED_REGRET
20262002,M1_16,300,interior_quarter,primary_interior,3.0577097236693422,AVAILABLE,,0.02,0.09106390413362532,interior,lower_boundary,0.5968010078686355,0.7324041787672679,0.5717823130524995,0.16062186571476844,-6.2559835594784765,0.3300274901431517,6.2559835594784765,0.0,7.45548375743898e-08,1.7394489966658385e-19,True,False,FLOATING_D_NOT_CERTIFIED_REGRET
20262002,M1_16,300,interior_half,primary_interior,5.143037576828834,AVAILABLE,,0.02,0.05259262098465113,interior,lower_boundary,0.6385075649318254,0.7741107358304578,0.7163464974857452,0.05776423834471256,-4.170655706318985,2.4153553433026436,4.170655706318985,0.0,7.45548375743898e-08,1.7394489966658385e-19,True,False,FLOATING_D_NOT_CERTIFIED_REGRET
20262002,M1_16,300,interior_three_quarters,primary_interior,7.228365429988326,AVAILABLE,,0.02,0.032677022493444396,interior,lower_boundary,0.6802141219950152,0.8158172928936476,0.8034316653216095,0.012385627572038094,-2.0853278531594928,4.500683196462136,2.0853278531594928,0.0,7.45548375743898e-08,1.7394489966658385e-19,True,False,FLOATING_D_NOT_CERTIFIED_REGRET
20262002,M1_16,300,A_transition,secondary_boundary_or_transition,9.313693283147819,AVAILABLE,,0.02,0.02,lower_boundary,lower_boundary,0.721920679058205,0.8575238499568374,0.8575238499568374,0.0,0.0,6.586011049621629,0.0,0.0,7.45548375743898e-08,0.0,False,False,FLOATING_D_NOT_CERTIFIED_REGRET
20262002,M1_16,300,A_three_halves,secondary_boundary_or_transition,13.970539924721727,AVAILABLE,,0.02,0.02,lower_boundary,lower_boundary,0.8150576118896833,0.9506607827883156,0.9506607827883156,0.0,4.6568466415739085,11.242857691195537,0.0,0.0,7.45548375743898e-08,0.0,False,False,FLOATING_D_NOT_CERTIFIED_REGRET
20262002,M1_16,3000,B_half,secondary_boundary_or_transition,0.48619093525492485,AVAILABLE,,0.2,0.2,upper_boundary,upper_boundary,0.1780218209985453,0.19553766073977313,0.19553766073977313,0.0,-0.48619093525492485,-1.9940546918866278,0.0,0.0,2.438445500237116e-07,0.0,False,False,FLOATING_D_NOT_CERTIFIED_REGRET
20262002,M1_16,3000,B_transition,secondary_boundary_or_transition,0.9723818705098497,AVAILABLE,,0.2,0.2,upper_boundary,upper_boundary,0.27526000804953027,0.2927758477907581,0.2927758477907581,0.0,0.0,-1.5078637566317028,0.0,0.0,2.438445500237116e-07,0.0,False,False,FLOATING_D_NOT_CERTIFIED_REGRET
20262002,M1_16,3000,interior_quarter,primary_interior,3.0577097236693422,AVAILABLE,,0.09576171875000002,0.09106390413362532,interior,interior_grid,0.5674401873182249,0.5721758553023144,0.5717823130524995,0.0003935422498149155,0.1654142841327486,0.00022466923644381964,0.1654142841327486,0.00022466923644381964,2.438445500237116e-07,1.7394489966658385e-19,False,False,FLOATING_D_NOT_CERTIFIED_REGRET
20262002,M1_16,3000,interior_half,primary_interior,5.143037576828834,AVAILABLE,,0.054101562500000006,0.05259262098465113,interior,interior_grid,0.7242161365398466,0.716436557886015,0.7163464974857452,9.00604002698202e-05,0.11864814885518715,-0.002356745241354652,0.11864814885518715,0.002356745241354652,2.438445500237116e-07,1.7394489966658385e-19,False,False,FLOATING_D_NOT_CERTIFIED_REGRET
20262002,M1_16,3000,interior_three_quarters,primary_interior,7.228365429988326,AVAILABLE,,0.02,0.032677022493444396,interior,lower_boundary,0.7905432665598854,0.8158172928936476,0.8034316653216095,0.012385627572038094,-2.0853278531594928,0.723477807225148,2.0853278531594928,0.0,2.438445500237116e-07,1.7394489966658385e-19,True,False,FLOATING_D_NOT_CERTIFIED_REGRET
20262002,M1_16,3000,A_transition,secondary_boundary_or_transition,9.313693283147819,AVAILABLE,,0.02,0.02,lower_boundary,lower_boundary,0.8322498236230752,0.8575238499568374,0.8575238499568374,0.0,0.0,2.8088056603846407,0.0,0.0,2.438445500237116e-07,0.0,False,False,FLOATING_D_NOT_CERTIFIED_REGRET
20262002,M1_16,3000,A_three_halves,secondary_boundary_or_transition,13.970539924721727,AVAILABLE,,0.02,0.02,lower_boundary,lower_boundary,0.9253867564545535,0.9506607827883156,0.9506607827883156,0.0,4.6568466415739085,7.465652301958549,0.0,0.0,2.438445500237116e-07,0.0,False,False,FLOATING_D_NOT_CERTIFIED_REGRET
20262002,M2_16,300,B_half,secondary_boundary_or_transition,0.48619093525492485,AVAILABLE,,0.2,0.2,upper_boundary,upper_boundary,0.10830510575164687,0.19553766073977313,0.19553766073977313,0.0,-0.48619093525492485,-3.75547696918648,0.0,0.0,1.8126172024602185e-07,0.0,False,False,FLOATING_D_NOT_CERTIFIED_REGRET
20262002,M2_16,300,B_transition,secondary_boundary_or_transition,0.9723818705098497,AVAILABLE,,0.2,0.2,upper_boundary,upper_boundary,0.20554329280263184,0.2927758477907581,0.2927758477907581,0.0,0.0,-3.2692860339315555,0.0,0.0,1.8126172024602185e-07,0.0,False,False,FLOATING_D_NOT_CERTIFIED_REGRET
20262002,M2_16,300,interior_quarter,primary_interior,3.0577097236693422,AVAILABLE,,0.07554687500000001,0.09106390413362532,interior,interior_grid,0.5888955982094007,0.5766144383296832,0.5717823130524995,0.004832125277183685,-0.6534047336270179,0.00231076423792409,0.6534047336270179,0.00231076423792409,1.8126172024602185e-07,1.7394489966658385e-19,False,False,FLOATING_D_NOT_CERTIFIED_REGRET
20262002,M2_16,300,interior_half,primary_interior,5.143037576828834,AVAILABLE,,0.02,0.05259262098465113,interior,lower_boundary,0.6842035977686383,0.7741107358304578,0.7163464974857452,0.05776423834471256,-4.170655706318985,0.21128790468418046,4.170655706318985,0.0,1.8126172024602185e-07,1.7394489966658385e-19,True,False,FLOATING_D_NOT_CERTIFIED_REGRET
20262002,M2_16,300,interior_three_quarters,primary_interior,7.228365429988326,AVAILABLE,,0.02,0.032677022493444396,interior,lower_boundary,0.7259101548318281,0.8158172928936476,0.8034316653216095,0.012385627572038094,-2.0853278531594928,2.2966157578436723,2.0853278531594928,0.0,1.8126172024602185e-07,1.7394489966658385e-19,True,False,FLOATING_D_NOT_CERTIFIED_REGRET
20262002,M2_16,300,A_transition,secondary_boundary_or_transition,9.313693283147819,AVAILABLE,,0.02,0.02,lower_boundary,lower_boundary,0.7676167118950179,0.8575238499568374,0.8575238499568374,0.0,0.0,4.381943611003165,0.0,0.0,1.8126172024602185e-07,0.0,False,False,FLOATING_D_NOT_CERTIFIED_REGRET
20262002,M2_16,300,A_three_halves,secondary_boundary_or_transition,13.970539924721727,AVAILABLE,,0.02,0.02,lower_boundary,lower_boundary,0.8607536447264961,0.9506607827883156,0.9506607827883156,0.0,4.6568466415739085,9.038790252577073,0.0,0.0,1.8126172024602185e-07,0.0,False,False,FLOATING_D_NOT_CERTIFIED_REGRET
20262002,M2_16,3000,B_half,secondary_boundary_or_transition,0.48619093525492485,AVAILABLE,,0.2,0.2,upper_boundary,upper_boundary,0.1948172764930231,0.19553766073977313,0.19553766073977313,0.0,-0.48619093525492485,-0.8951045267502468,0.0,0.0,3.061170191694564e-07,0.0,False,False,FLOATING_D_NOT_CERTIFIED_REGRET
20262002,M2_16,3000,B_transition,secondary_boundary_or_transition,0.9723818705098497,AVAILABLE,,0.2,0.2,upper_boundary,upper_boundary,0.2920554635440081,0.2927758477907581,0.2927758477907581,0.0,0.0,-0.4089135914953219,0.0,0.0,3.061170191694564e-07,0.0,False,False,FLOATING_D_NOT_CERTIFIED_REGRET
20262002,M2_16,3000,interior_quarter,primary_interior,3.0577097236693422,AVAILABLE,,0.09347656250000001,0.09106390413362532,interior,interior_grid,0.5647411064549632,0.5718874132128806,0.5717823130524995,0.00010510016038112191,0.08654600622915742,0.0001711276329317002,0.08654600622915742,0.0001711276329317002,3.061170191694564e-07,1.7394489966658385e-19,False,False,FLOATING_D_NOT_CERTIFIED_REGRET
20262002,M2_16,3000,interior_half,primary_interior,5.143037576828834,AVAILABLE,,0.05779296875000001,0.05259262098465113,interior,interior_grid,0.720276450756602,0.7173855107392393,0.7163464974857452,0.0010390132534940921,0.3915332243279206,-0.0015569809178552774,0.3915332243279206,0.0015569809178552774,3.061170191694564e-07,1.7394489966658385e-19,False,False,FLOATING_D_NOT_CERTIFIED_REGRET
20262002,M2_16,3000,interior_three_quarters,primary_interior,7.228365429988326,AVAILABLE,,0.029140625000000003,0.032677022493444396,interior,interior_grid,0.8104119154077266,0.8043096807021347,0.8034316653216095,0.0008780153805252322,-0.5051781162596356,0.006483728643503106,0.5051781162596356,0.006483728643503106,3.061170191694564e-07,1.7394489966658385e-19,False,False,FLOATING_D_NOT_CERTIFIED_REGRET
20262002,M2_16,3000,A_transition,secondary_boundary_or_transition,9.313693283147819,AVAILABLE,,0.02,0.02,lower_boundary,lower_boundary,0.8551526259566606,0.8575238499568374,0.8575238499568374,0.0,0.0,1.4173644661954103,0.0,0.0,3.061170191694564e-07,0.0,False,False,FLOATING_D_NOT_CERTIFIED_REGRET
20262002,M2_16,3000,A_three_halves,secondary_boundary_or_transition,13.970539924721727,AVAILABLE,,0.02,0.02,lower_boundary,lower_boundary,0.9482895587881388,0.9506607827883156,0.9506607827883156,0.0,4.6568466415739085,6.074211107769319,0.0,0.0,3.061170191694564e-07,0.0,False,False,FLOATING_D_NOT_CERTIFIED_REGRET
20262002,M1_32,300,B_half,secondary_boundary_or_transition,0.48619093525492485,AVAILABLE,,0.2,0.2,upper_boundary,upper_boundary,0.11915387176437117,0.19553766073977313,0.19553766073977313,0.0,-0.48619093525492485,-2.553854562341626,0.0,0.0,7.361046347895209e-08,0.0,False,False,FLOATING_D_NOT_CERTIFIED_REGRET
20262002,M1_32,300,B_transition,secondary_boundary_or_transition,0.9723818705098497,AVAILABLE,,0.2,0.2,upper_boundary,upper_boundary,0.21639205881535614,0.2927758477907581,0.2927758477907581,0.0,0.0,-2.0676636270867013,0.0,0.0,7.361046347895209e-08,0.0,False,False,FLOATING_D_NOT_CERTIFIED_REGRET
20262002,M1_32,300,interior_quarter,primary_interior,3.0577097236693422,AVAILABLE,,0.02,0.09106390413362532,interior,lower_boundary,0.5974595637860105,0.7324041787672679,0.5717823130524995,0.16062186571476844,-6.2559835594784765,0.31965600680820483,6.2559835594784765,0.0,7.361046347895209e-08,1.7394489966658385e-19,True,False,FLOATING_D_NOT_CERTIFIED_REGRET
20262002,M1_32,300,interior_half,primary_interior,5.143037576828834,AVAILABLE,,0.02,0.05259262098465113,interior,lower_boundary,0.6391661208492003,0.7741107358304578,0.7163464974857452,0.05776423834471256,-4.170655706318985,2.4049838599676967,4.170655706318985,0.0,7.361046347895209e-08,1.7394489966658385e-19,True,False,FLOATING_D_NOT_CERTIFIED_REGRET
20262002,M1_32,300,interior_three_quarters,primary_interior,7.228365429988326,AVAILABLE,,0.02,0.032677022493444396,interior,lower_boundary,0.6808726779123901,0.8158172928936476,0.8034316653216095,0.012385627572038094,-2.0853278531594928,4.490311713127189,2.0853278531594928,0.0,7.361046347895209e-08,1.7394489966658385e-19,True,False,FLOATING_D_NOT_CERTIFIED_REGRET
20262002,M1_32,300,A_transition,secondary_boundary_or_transition,9.313693283147819,AVAILABLE,,0.02,0.02,lower_boundary,lower_boundary,0.72257923497558,0.8575238499568374,0.8575238499568374,0.0,0.0,6.575639566286681,0.0,0.0,7.361046347895209e-08,0.0,False,False,FLOATING_D_NOT_CERTIFIED_REGRET
20262002,M1_32,300,A_three_halves,secondary_boundary_or_transition,13.970539924721727,AVAILABLE,,0.02,0.02,lower_boundary,lower_boundary,0.8157161678070581,0.9506607827883156,0.9506607827883156,0.0,4.6568466415739085,11.232486207860589,0.0,0.0,7.361046347895209e-08,0.0,False,False,FLOATING_D_NOT_CERTIFIED_REGRET
20262002,M1_32,3000,B_half,secondary_boundary_or_transition,0.48619093525492485,AVAILABLE,,0.2,0.2,upper_boundary,upper_boundary,0.17879809751733955,0.19553766073977313,0.19553766073977313,0.0,-0.48619093525492485,-1.966146577696998,0.0,0.0,2.444985259845427e-07,0.0,False,False,FLOATING_D_NOT_CERTIFIED_REGRET
20262002,M1_32,3000,B_transition,secondary_boundary_or_transition,0.9723818705098497,AVAILABLE,,0.2,0.2,upper_boundary,upper_boundary,0.2760362845683245,0.2927758477907581,0.2927758477907581,0.0,0.0,-1.479955642442073,0.0,0.0,2.444985259845427e-07,0.0,False,False,FLOATING_D_NOT_CERTIFIED_REGRET
20262002,M1_32,3000,interior_quarter,primary_interior,3.0577097236693422,AVAILABLE,,0.09593750000000001,0.09106390413362532,interior,interior_grid,0.5673210126516517,0.5722054549468856,0.5717823130524995,0.00042314189438608096,0.17136109415356682,0.0027648838702467593,0.17136109415356682,0.0027648838702467593,2.444985259845427e-07,1.7394489966658385e-19,False,False,FLOATING_D_NOT_CERTIFIED_REGRET
20262002,M1_32,3000,interior_half,primary_interior,5.143037576828834,AVAILABLE,,0.054453125000000005,0.05259262098465113,interior,interior_grid,0.7244443888875456,0.7164830281094066,0.7163464974857452,0.00013653062366136837,0.1456778511998449,0.0033919463332585664,0.1456778511998449,0.0033919463332585664,2.444985259845427e-07,1.7394489966658385e-19,False,False,FLOATING_D_NOT_CERTIFIED_REGRET
20262002,M1_32,3000,interior_three_quarters,primary_interior,7.228365429988326,AVAILABLE,,0.02,0.032677022493444396,interior,lower_boundary,0.7912218801468969,0.8158172928936476,0.8034316653216095,0.012385627572038094,-2.0853278531594928,0.707540116937337,2.0853278531594928,0.0,2.444985259845427e-07,1.7394489966658385e-19,True,False,FLOATING_D_NOT_CERTIFIED_REGRET
20262002,M1_32,3000,A_transition,secondary_boundary_or_transition,9.313693283147819,AVAILABLE,,0.02,0.02,lower_boundary,lower_boundary,0.8329284372100867,0.8575238499568374,0.8575238499568374,0.0,0.0,2.7928679700968297,0.0,0.0,2.444985259845427e-07,0.0,False,False,FLOATING_D_NOT_CERTIFIED_REGRET
20262002,M1_32,3000,A_three_halves,secondary_boundary_or_transition,13.970539924721727,AVAILABLE,,0.02,0.02,lower_boundary,lower_boundary,0.9260653700415649,0.9506607827883156,0.9506607827883156,0.0,4.6568466415739085,7.449714611670738,0.0,0.0,2.444985259845427e-07,0.0,False,False,FLOATING_D_NOT_CERTIFIED_REGRET
20262003,M1_16,300,B_half,secondary_boundary_or_transition,0.48619093525492485,AVAILABLE,,0.2,0.2,upper_boundary,upper_boundary,0.11827472198829375,0.19553766073977313,0.19553766073977313,0.0,-0.48619093525492485,-2.1041893161221457,0.0,0.0,2.8109547274577845e-07,0.0,False,False,FLOATING_D_NOT_CERTIFIED_REGRET
20262003,M1_16,300,B_transition,secondary_boundary_or_transition,0.9723818705098497,AVAILABLE,,0.2,0.2,upper_boundary,upper_boundary,0.21551290903927872,0.2927758477907581,0.2927758477907581,0.0,0.0,-1.6179983808672207,0.0,0.0,2.8109547274577845e-07,0.0,False,False,FLOATING_D_NOT_CERTIFIED_REGRET
20262003,M1_16,300,interior_quarter,primary_interior,3.0577097236693422,AVAILABLE,,0.02,0.09106390413362532,interior,lower_boundary,0.5668271138419169,0.7324041787672679,0.5717823130524995,0.16062186571476844,-6.2559835594784765,1.5953393308865684,6.2559835594784765,0.0,2.8109547274577845e-07,1.7394489966658385e-19,True,False,FLOATING_D_NOT_CERTIFIED_REGRET
20262003,M1_16,300,interior_half,primary_interior,5.143037576828834,AVAILABLE,,0.02,0.05259262098465113,interior,lower_boundary,0.6085336709051067,0.7741107358304578,0.7163464974857452,0.05776423834471256,-4.170655706318985,3.6806671840460603,4.170655706318985,0.0,2.8109547274577845e-07,1.7394489966658385e-19,True,False,FLOATING_D_NOT_CERTIFIED_REGRET
20262003,M1_16,300,interior_three_quarters,primary_interior,7.228365429988326,AVAILABLE,,0.02,0.032677022493444396,interior,lower_boundary,0.6502402279682965,0.8158172928936476,0.8034316653216095,0.012385627572038094,-2.0853278531594928,5.765995037205553,2.0853278531594928,0.0,2.8109547274577845e-07,1.7394489966658385e-19,True,False,FLOATING_D_NOT_CERTIFIED_REGRET
20262003,M1_16,300,A_transition,secondary_boundary_or_transition,9.313693283147819,AVAILABLE,,0.02,0.02,lower_boundary,lower_boundary,0.6919467850314863,0.8575238499568374,0.8575238499568374,0.0,0.0,7.851322890365045,0.0,0.0,2.8109547274577845e-07,0.0,False,False,FLOATING_D_NOT_CERTIFIED_REGRET
20262003,M1_16,300,A_three_halves,secondary_boundary_or_transition,13.970539924721727,AVAILABLE,,0.02,0.02,lower_boundary,lower_boundary,0.7850837178629646,0.9506607827883156,0.9506607827883156,0.0,4.6568466415739085,12.508169531938954,0.0,0.0,2.8109547274577845e-07,0.0,False,False,FLOATING_D_NOT_CERTIFIED_REGRET
20262003,M1_16,3000,B_half,secondary_boundary_or_transition,0.48619093525492485,AVAILABLE,,0.1915625,0.2,upper_boundary,interior_grid,0.20872426000449168,0.1999947617863584,0.19553766073977313,0.0044571010465852545,-0.5715397919902508,0.00015431180563363345,0.5715397919902508,0.00015431180563363345,3.7155509724756055e-07,0.0,True,False,FLOATING_D_NOT_CERTIFIED_REGRET
20262003,M1_16,3000,B_transition,secondary_boundary_or_transition,0.9723818705098497,AVAILABLE,,0.16607421875,0.2,upper_boundary,interior_grid,0.2951343866612091,0.29906168656349585,0.2927758477907581,0.006285838772737751,-0.39383556050934443,-0.001410625392967213,0.39383556050934443,0.001410625392967213,3.7155509724756055e-07,0.0,True,False,FLOATING_D_NOT_CERTIFIED_REGRET
20262003,M1_16,3000,interior_quarter,primary_interior,3.0577097236693422,AVAILABLE,,0.10560546875000001,0.09106390413362532,interior,interior_grid,0.573346883632518,0.5753639531503009,0.5717823130524995,0.003581640097801375,0.4745140120984148,-0.0010104599574556339,0.4745140120984148,0.0010104599574556339,3.7155509724756055e-07,1.7394489966658385e-19,False,False,FLOATING_D_NOT_CERTIFIED_REGRET
20262003,M1_16,3000,interior_half,primary_interior,5.143037576828834,AVAILABLE,,0.02,0.05259262098465113,interior,lower_boundary,0.7182551590117765,0.7741107358304578,0.7163464974857452,0.05776423834471256,-4.170655706318985,0.51878266650185,4.170655706318985,0.0,3.7155509724756055e-07,1.7394489966658385e-19,True,False,FLOATING_D_NOT_CERTIFIED_REGRET
20262003,M1_16,3000,interior_three_quarters,primary_interior,7.228365429988326,AVAILABLE,,0.02,0.032677022493444396,interior,lower_boundary,0.7599617160749663,0.8158172928936476,0.8034316653216095,0.012385627572038094,-2.0853278531594928,2.604110519661342,2.0853278531594928,0.0,3.7155509724756055e-07,1.7394489966658385e-19,True,False,FLOATING_D_NOT_CERTIFIED_REGRET
20262003,M1_16,3000,A_transition,secondary_boundary_or_transition,9.313693283147819,AVAILABLE,,0.02,0.02,lower_boundary,lower_boundary,0.8016682731381561,0.8575238499568374,0.8575238499568374,0.0,0.0,4.689438372820835,0.0,0.0,3.7155509724756055e-07,0.0,False,False,FLOATING_D_NOT_CERTIFIED_REGRET
20262003,M1_16,3000,A_three_halves,secondary_boundary_or_transition,13.970539924721727,AVAILABLE,,0.02,0.02,lower_boundary,lower_boundary,0.8948052059696343,0.9506607827883156,0.9506607827883156,0.0,4.6568466415739085,9.346285014394743,0.0,0.0,3.7155509724756055e-07,0.0,False,False,FLOATING_D_NOT_CERTIFIED_REGRET
20262003,M2_16,300,B_half,secondary_boundary_or_transition,0.48619093525492485,AVAILABLE,,0.2,0.2,upper_boundary,upper_boundary,0.10056290698683937,0.19553766073977313,0.19553766073977313,0.0,-0.48619093525492485,-1.9679194973910157,0.0,0.0,2.7440149437378525e-07,0.0,False,False,FLOATING_D_NOT_CERTIFIED_REGRET
20262003,M2_16,300,B_transition,secondary_boundary_or_transition,0.9723818705098497,AVAILABLE,,0.2,0.2,upper_boundary,upper_boundary,0.19780109403782434,0.2927758477907581,0.2927758477907581,0.0,0.0,-1.4817285621360907,0.0,0.0,2.7440149437378525e-07,0.0,False,False,FLOATING_D_NOT_CERTIFIED_REGRET
20262003,M2_16,300,interior_quarter,primary_interior,3.0577097236693422,AVAILABLE,,0.02,0.09106390413362532,interior,lower_boundary,0.5911032015902624,0.7324041787672679,0.5717823130524995,0.16062186571476844,-6.2559835594784765,0.9250681757889878,6.2559835594784765,0.0,2.7440149437378525e-07,1.7394489966658385e-19,True,False,FLOATING_D_NOT_CERTIFIED_REGRET
20262003,M2_16,300,interior_half,primary_interior,5.143037576828834,AVAILABLE,,0.02,0.05259262098465113,interior,lower_boundary,0.6328097586534522,0.7741107358304578,0.7163464974857452,0.05776423834471256,-4.170655706318985,3.0103960289484797,4.170655706318985,0.0,2.7440149437378525e-07,1.7394489966658385e-19,True,False,FLOATING_D_NOT_CERTIFIED_REGRET
20262003,M2_16,300,interior_three_quarters,primary_interior,7.228365429988326,AVAILABLE,,0.02,0.032677022493444396,interior,lower_boundary,0.6745163157166421,0.8158172928936476,0.8034316653216095,0.012385627572038094,-2.0853278531594928,5.095723882107972,2.0853278531594928,0.0,2.7440149437378525e-07,1.7394489966658385e-19,True,False,FLOATING_D_NOT_CERTIFIED_REGRET
20262003,M2_16,300,A_transition,secondary_boundary_or_transition,9.313693283147819,AVAILABLE,,0.02,0.02,lower_boundary,lower_boundary,0.7162228727798319,0.8575238499568374,0.8575238499568374,0.0,0.0,7.181051735267465,0.0,0.0,2.7440149437378525e-07,0.0,False,False,FLOATING_D_NOT_CERTIFIED_REGRET
20262003,M2_16,300,A_three_halves,secondary_boundary_or_transition,13.970539924721727,AVAILABLE,,0.02,0.02,lower_boundary,lower_boundary,0.80935980561131,0.9506607827883156,0.9506607827883156,0.0,4.6568466415739085,11.837898376841373,0.0,0.0,2.7440149437378525e-07,0.0,False,False,FLOATING_D_NOT_CERTIFIED_REGRET
20262003,M2_16,3000,B_half,secondary_boundary_or_transition,0.48619093525492485,AVAILABLE,,0.2,0.2,upper_boundary,upper_boundary,0.1922724116003488,0.19553766073977313,0.19553766073977313,0.0,-0.48619093525492485,-1.0630553017359392,0.0,0.0,4.6990519602129636e-07,0.0,False,False,FLOATING_D_NOT_CERTIFIED_REGRET
20262003,M2_16,3000,B_transition,secondary_boundary_or_transition,0.9723818705098497,AVAILABLE,,0.2,0.2,upper_boundary,upper_boundary,0.2895105986513338,0.2927758477907581,0.2927758477907581,0.0,0.0,-0.5768643664810145,0.0,0.0,4.6990519602129636e-07,0.0,False,False,FLOATING_D_NOT_CERTIFIED_REGRET
20262003,M2_16,3000,interior_quarter,primary_interior,3.0577097236693422,AVAILABLE,,0.09242187500000001,0.09106390413362532,interior,interior_grid,0.5637592628002428,0.5718158035186058,0.5717823130524995,3.3490466106345096e-05,0.049138678524060175,0.0024849724393272155,0.049138678524060175,0.0024849724393272155,4.6990519602129636e-07,1.7394489966658385e-19,False,False,FLOATING_D_NOT_CERTIFIED_REGRET
20262003,M2_16,3000,interior_half,primary_interior,5.143037576828834,AVAILABLE,,0.0583203125,0.05259262098465113,interior,interior_grid,0.7189216278777408,0.7176017836694277,0.7163464974857452,0.0012552861836825357,0.42862647940815535,0.0007427766496750365,0.42862647940815535,0.0007427766496750365,4.6990519602129636e-07,1.7394489966658385e-19,False,False,FLOATING_D_NOT_CERTIFIED_REGRET
20262003,M2_16,3000,interior_three_quarters,primary_interior,7.228365429988326,AVAILABLE,,0.028789062500000004,0.032677022493444396,interior,interior_grid,0.8100088948285207,0.80449660383786,0.8034316653216095,0.0010649385162505576,-0.5582981449276998,-0.0033463987119093375,0.5582981449276998,0.0033463987119093375,4.6990519602129636e-07,1.7394489966658385e-19,False,False,FLOATING_D_NOT_CERTIFIED_REGRET
20262003,M2_16,3000,A_transition,secondary_boundary_or_transition,9.313693283147819,AVAILABLE,,0.02,0.02,lower_boundary,lower_boundary,0.8542324248577021,0.8575238499568374,0.8575238499568374,0.0,0.0,1.5268309446979726,0.0,0.0,4.6990519602129636e-07,0.0,False,False,FLOATING_D_NOT_CERTIFIED_REGRET
20262003,M2_16,3000,A_three_halves,secondary_boundary_or_transition,13.970539924721727,AVAILABLE,,0.02,0.02,lower_boundary,lower_boundary,0.9473693576891804,0.9506607827883156,0.9506607827883156,0.0,4.6568466415739085,6.183677586271881,0.0,0.0,4.6990519602129636e-07,0.0,False,False,FLOATING_D_NOT_CERTIFIED_REGRET
20262003,M1_32,300,B_half,secondary_boundary_or_transition,0.48619093525492485,AVAILABLE,,0.2,0.2,upper_boundary,upper_boundary,0.11804039686201823,0.19553766073977313,0.19553766073977313,0.0,-0.48619093525492485,-2.1081539938016443,0.0,0.0,2.8105884861917304e-07,0.0,False,False,FLOATING_D_NOT_CERTIFIED_REGRET
20262003,M1_32,300,B_transition,secondary_boundary_or_transition,0.9723818705098497,AVAILABLE,,0.2,0.2,upper_boundary,upper_boundary,0.2152785839130032,0.2927758477907581,0.2927758477907581,0.0,0.0,-1.6219630585467193,0.0,0.0,2.8105884861917304e-07,0.0,False,False,FLOATING_D_NOT_CERTIFIED_REGRET
20262003,M1_32,300,interior_quarter,primary_interior,3.0577097236693422,AVAILABLE,,0.02,0.09106390413362532,interior,lower_boundary,0.5674555415383881,0.7324041787672679,0.5717823130524995,0.16062186571476844,-6.2559835594784765,1.5904988374929991,6.2559835594784765,0.0,2.8105884861917304e-07,1.7394489966658385e-19,True,False,FLOATING_D_NOT_CERTIFIED_REGRET
20262003,M1_32,300,interior_half,primary_interior,5.143037576828834,AVAILABLE,,0.02,0.05259262098465113,interior,lower_boundary,0.6091620986015779,0.7741107358304578,0.7163464974857452,0.05776423834471256,-4.170655706318985,3.675826690652491,4.170655706318985,0.0,2.8105884861917304e-07,1.7394489966658385e-19,True,False,FLOATING_D_NOT_CERTIFIED_REGRET
20262003,M1_32,300,interior_three_quarters,primary_interior,7.228365429988326,AVAILABLE,,0.02,0.032677022493444396,interior,lower_boundary,0.6508686556647677,0.8158172928936476,0.8034316653216095,0.012385627572038094,-2.0853278531594928,5.761154543811983,2.0853278531594928,0.0,2.8105884861917304e-07,1.7394489966658385e-19,True,False,FLOATING_D_NOT_CERTIFIED_REGRET
20262003,M1_32,300,A_transition,secondary_boundary_or_transition,9.313693283147819,AVAILABLE,,0.02,0.02,lower_boundary,lower_boundary,0.6925752127279575,0.8575238499568374,0.8575238499568374,0.0,0.0,7.846482396971476,0.0,0.0,2.8105884861917304e-07,0.0,False,False,FLOATING_D_NOT_CERTIFIED_REGRET
20262003,M1_32,300,A_three_halves,secondary_boundary_or_transition,13.970539924721727,AVAILABLE,,0.02,0.02,lower_boundary,lower_boundary,0.7857121455594358,0.9506607827883156,0.9506607827883156,0.0,4.6568466415739085,12.503329038545385,0.0,0.0,2.8105884861917304e-07,0.0,False,False,FLOATING_D_NOT_CERTIFIED_REGRET
20262003,M1_32,3000,B_half,secondary_boundary_or_transition,0.48619093525492485,AVAILABLE,,0.19296875000000002,0.2,upper_boundary,interior_grid,0.2085315486562947,0.1992014258645506,0.19553766073977313,0.0036637651247774794,-0.5567958283376134,0.0009165793900280939,0.5567958283376134,0.0009165793900280939,3.7238695400208294e-07,0.0,True,False,FLOATING_D_NOT_CERTIFIED_REGRET
20262003,M1_32,3000,B_transition,secondary_boundary_or_transition,0.9723818705098497,AVAILABLE,,0.16625,0.2,upper_boundary,interior_grid,0.29524372434117574,0.29899267097555177,0.2927758477907581,0.006216823184793663,-0.39140923119917503,-0.0020755855159985126,0.39140923119917503,0.0020755855159985126,3.7238695400208294e-07,0.0,True,False,FLOATING_D_NOT_CERTIFIED_REGRET
20262003,M1_32,3000,interior_quarter,primary_interior,3.0577097236693422,AVAILABLE,,0.10542968750000001,0.09106390413362532,interior,interior_grid,0.5731203343393866,0.5752809926202123,0.5717823130524995,0.0034986795677127702,0.46939024441681454,0.000581271424945573,0.46939024441681454,0.000581271424945573,3.7238695400208294e-07,1.7394489966658385e-19,False,False,FLOATING_D_NOT_CERTIFIED_REGRET
20262003,M1_32,3000,interior_half,primary_interior,5.143037576828834,AVAILABLE,,0.02,0.05259262098465113,interior,lower_boundary,0.7200817429717901,0.7741107358304578,0.7163464974857452,0.05776423834471256,-4.170655706318985,0.44969010708940704,4.170655706318985,0.0,3.7238695400208294e-07,1.7394489966658385e-19,True,False,FLOATING_D_NOT_CERTIFIED_REGRET
20262003,M1_32,3000,interior_three_quarters,primary_interior,7.228365429988326,AVAILABLE,,0.02,0.032677022493444396,interior,lower_boundary,0.7617883000349799,0.8158172928936476,0.8034316653216095,0.012385627572038094,-2.0853278531594928,2.535017960248899,2.0853278531594928,0.0,3.7238695400208294e-07,1.7394489966658385e-19,True,False,FLOATING_D_NOT_CERTIFIED_REGRET
20262003,M1_32,3000,A_transition,secondary_boundary_or_transition,9.313693283147819,AVAILABLE,,0.02,0.02,lower_boundary,lower_boundary,0.8034948570981697,0.8575238499568374,0.8575238499568374,0.0,0.0,4.620345813408392,0.0,0.0,3.7238695400208294e-07,0.0,False,False,FLOATING_D_NOT_CERTIFIED_REGRET
20262003,M1_32,3000,A_three_halves,secondary_boundary_or_transition,13.970539924721727,AVAILABLE,,0.02,0.02,lower_boundary,lower_boundary,0.8966317899296479,0.9506607827883156,0.9506607827883156,0.0,4.6568466415739085,9.2771924549823,0.0,0.0,3.7238695400208294e-07,0.0,False,False,FLOATING_D_NOT_CERTIFIED_REGRET
20262004,M1_16,300,B_half,secondary_boundary_or_transition,0.48619093525492485,AVAILABLE,,0.2,0.2,upper_boundary,upper_boundary,0.13060417424662724,0.19553766073977313,0.19553766073977313,0.0,-0.48619093525492485,-1.5775875274667777,0.0,0.0,2.1715679238613223e-07,0.0,False,False,FLOATING_D_NOT_CERTIFIED_REGRET
20262004,M1_16,300,B_transition,secondary_boundary_or_transition,0.9723818705098497,AVAILABLE,,0.2,0.2,upper_boundary,upper_boundary,0.2278423612976122,0.2927758477907581,0.2927758477907581,0.0,0.0,-1.0913965922118527,0.0,0.0,2.1715679238613223e-07,0.0,False,False,FLOATING_D_NOT_CERTIFIED_REGRET
20262004,M1_16,300,interior_quarter,primary_interior,3.0577097236693422,AVAILABLE,,0.02,0.09106390413362532,interior,lower_boundary,0.5686755451574615,0.7324041787672679,0.5717823130524995,0.16062186571476844,-6.2559835594784765,1.735139933740354,6.2559835594784765,0.0,2.1715679238613223e-07,1.7394489966658385e-19,True,False,FLOATING_D_NOT_CERTIFIED_REGRET
20262004,M1_16,300,interior_half,primary_interior,5.143037576828834,AVAILABLE,,0.02,0.05259262098465113,interior,lower_boundary,0.6103821022206514,0.7741107358304578,0.7163464974857452,0.05776423834471256,-4.170655706318985,3.8204677868998456,4.170655706318985,0.0,2.1715679238613223e-07,1.7394489966658385e-19,True,False,FLOATING_D_NOT_CERTIFIED_REGRET
20262004,M1_16,300,interior_three_quarters,primary_interior,7.228365429988326,AVAILABLE,,0.02,0.032677022493444396,interior,lower_boundary,0.6520886592838412,0.8158172928936476,0.8034316653216095,0.012385627572038094,-2.0853278531594928,5.905795640059337,2.0853278531594928,0.0,2.1715679238613223e-07,1.7394489966658385e-19,True,False,FLOATING_D_NOT_CERTIFIED_REGRET
20262004,M1_16,300,A_transition,secondary_boundary_or_transition,9.313693283147819,AVAILABLE,,0.02,0.02,lower_boundary,lower_boundary,0.693795216347031,0.8575238499568374,0.8575238499568374,0.0,0.0,7.99112349321883,0.0,0.0,2.1715679238613223e-07,0.0,False,False,FLOATING_D_NOT_CERTIFIED_REGRET
20262004,M1_16,300,A_three_halves,secondary_boundary_or_transition,13.970539924721727,AVAILABLE,,0.02,0.02,lower_boundary,lower_boundary,0.7869321491785093,0.9506607827883156,0.9506607827883156,0.0,4.6568466415739085,12.64797013479274,0.0,0.0,2.1715679238613223e-07,0.0,False,False,FLOATING_D_NOT_CERTIFIED_REGRET
20262004,M1_16,3000,B_half,secondary_boundary_or_transition,0.48619093525492485,AVAILABLE,,0.18259765625000002,0.2,upper_boundary,interior_grid,0.204745082955663,0.20555634837961295,0.19553766073977313,0.010018687639839818,-0.6707547790912086,0.0015003297376560698,0.6707547790912086,0.0015003297376560698,2.6323748015857085e-07,0.0,True,False,FLOATING_D_NOT_CERTIFIED_REGRET
20262004,M1_16,3000,B_transition,secondary_boundary_or_transition,0.9723818705098497,AVAILABLE,,0.16748046875,0.2,upper_boundary,interior_grid,0.28974942313972757,0.2985214474315552,0.2927758477907581,0.005745599640797072,-0.3745533461564259,0.0007919051854686776,0.3745533461564259,0.0007919051854686776,2.6323748015857085e-07,0.0,True,False,FLOATING_D_NOT_CERTIFIED_REGRET
20262004,M1_16,3000,interior_quarter,primary_interior,3.0577097236693422,AVAILABLE,,0.11123046875000002,0.09106390413362532,interior,interior_grid,0.580098842792681,0.5784812758318161,0.5717823130524995,0.006698962779316586,0.631738431451176,0.0010287393141585888,0.631738431451176,0.0010287393141585888,2.6323748015857085e-07,1.7394489966658385e-19,False,False,FLOATING_D_NOT_CERTIFIED_REGRET
20262004,M1_16,3000,interior_half,primary_interior,5.143037576828834,AVAILABLE,,0.02,0.05259262098465113,interior,lower_boundary,0.6977513196354014,0.7741107358304578,0.7163464974857452,0.05776423834471256,-4.170655706318985,1.339632201592491,4.170655706318985,0.0,2.6323748015857085e-07,1.7394489966658385e-19,True,False,FLOATING_D_NOT_CERTIFIED_REGRET
20262004,M1_16,3000,interior_three_quarters,primary_interior,7.228365429988326,AVAILABLE,,0.02,0.032677022493444396,interior,lower_boundary,0.7394578766985912,0.8158172928936476,0.8034316653216095,0.012385627572038094,-2.0853278531594928,3.424960054751983,2.0853278531594928,0.0,2.6323748015857085e-07,1.7394489966658385e-19,True,False,FLOATING_D_NOT_CERTIFIED_REGRET
20262004,M1_16,3000,A_transition,secondary_boundary_or_transition,9.313693283147819,AVAILABLE,,0.02,0.02,lower_boundary,lower_boundary,0.781164433761781,0.8575238499568374,0.8575238499568374,0.0,0.0,5.510287907911476,0.0,0.0,2.6323748015857085e-07,0.0,False,False,FLOATING_D_NOT_CERTIFIED_REGRET
20262004,M1_16,3000,A_three_halves,secondary_boundary_or_transition,13.970539924721727,AVAILABLE,,0.02,0.02,lower_boundary,lower_boundary,0.8743013665932593,0.9506607827883156,0.9506607827883156,0.0,4.6568466415739085,10.167134549485384,0.0,0.0,2.6323748015857085e-07,0.0,False,False,FLOATING_D_NOT_CERTIFIED_REGRET
20262004,M2_16,300,B_half,secondary_boundary_or_transition,0.48619093525492485,AVAILABLE,,0.2,0.2,upper_boundary,upper_boundary,0.11346779858846105,0.19553766073977313,0.19553766073977313,0.0,-0.48619093525492485,-1.4467718791558366,0.0,0.0,2.1361116905169455e-07,0.0,False,False,FLOATING_D_NOT_CERTIFIED_REGRET
20262004,M2_16,300,B_transition,secondary_boundary_or_transition,0.9723818705098497,AVAILABLE,,0.2,0.2,upper_boundary,upper_boundary,0.210705985639446,0.2927758477907581,0.2927758477907581,0.0,0.0,-0.9605809439009116,0.0,0.0,2.1361116905169455e-07,0.0,False,False,FLOATING_D_NOT_CERTIFIED_REGRET
20262004,M2_16,300,interior_quarter,primary_interior,3.0577097236693422,AVAILABLE,,0.14814453125000002,0.09106390413362532,interior,interior_grid,0.6000857267145939,0.6174265898621707,0.5717823130524995,0.0456442768096712,1.41763680574778,-0.0011764675620842269,1.41763680574778,0.0011764675620842269,2.1361116905169455e-07,1.7394489966658385e-19,False,False,FLOATING_D_NOT_CERTIFIED_REGRET
20262004,M2_16,300,interior_half,primary_interior,5.143037576828834,AVAILABLE,,0.02,0.05259262098465113,interior,lower_boundary,0.6428211753760885,0.7741107358304578,0.7163464974857452,0.05776423834471256,-4.170655706318985,3.1075766282282515,4.170655706318985,0.0,2.1361116905169455e-07,1.7394489966658385e-19,True,False,FLOATING_D_NOT_CERTIFIED_REGRET
20262004,M2_16,300,interior_three_quarters,primary_interior,7.228365429988326,AVAILABLE,,0.02,0.032677022493444396,interior,lower_boundary,0.6845277324392783,0.8158172928936476,0.8034316653216095,0.012385627572038094,-2.0853278531594928,5.192904481387743,2.0853278531594928,0.0,2.1361116905169455e-07,1.7394489966658385e-19,True,False,FLOATING_D_NOT_CERTIFIED_REGRET
20262004,M2_16,300,A_transition,secondary_boundary_or_transition,9.313693283147819,AVAILABLE,,0.02,0.02,lower_boundary,lower_boundary,0.7262342895024682,0.8575238499568374,0.8575238499568374,0.0,0.0,7.278232334547236,0.0,0.0,2.1361116905169455e-07,0.0,False,False,FLOATING_D_NOT_CERTIFIED_REGRET
20262004,M2_16,300,A_three_halves,secondary_boundary_or_transition,13.970539924721727,AVAILABLE,,0.02,0.02,lower_boundary,lower_boundary,0.8193712223339464,0.9506607827883156,0.9506607827883156,0.0,4.6568466415739085,11.935078976121144,0.0,0.0,2.1361116905169455e-07,0.0,False,False,FLOATING_D_NOT_CERTIFIED_REGRET
20262004,M2_16,3000,B_half,secondary_boundary_or_transition,0.48619093525492485,AVAILABLE,,0.2,0.2,upper_boundary,upper_boundary,0.19681041331742138,0.19553766073977313,0.19553766073977313,0.0,-0.48619093525492485,-0.6413790688634494,0.0,0.0,4.219264563376267e-07,0.0,False,False,FLOATING_D_NOT_CERTIFIED_REGRET
20262004,M2_16,3000,B_transition,secondary_boundary_or_transition,0.9723818705098497,AVAILABLE,,0.2,0.2,upper_boundary,upper_boundary,0.29404860036840635,0.2927758477907581,0.2927758477907581,0.0,0.0,-0.15518813360852457,0.0,0.0,4.219264563376267e-07,0.0,False,False,FLOATING_D_NOT_CERTIFIED_REGRET
20262004,M2_16,3000,interior_quarter,primary_interior,3.0577097236693422,AVAILABLE,,0.09365234375000002,0.09106390413362532,interior,interior_grid,0.566151300053551,0.5719031690676641,0.5717823130524995,0.00012085601516464983,0.09271764124043758,0.0015011284854797857,0.09271764124043758,0.0015011284854797857,4.219264563376267e-07,1.7394489966658385e-19,False,False,FLOATING_D_NOT_CERTIFIED_REGRET
20262004,M2_16,3000,interior_half,primary_interior,5.143037576828834,AVAILABLE,,0.057265625,0.05259262098465113,interior,interior_grid,0.720783191502739,0.7171889186907714,0.7163464974857452,0.0008424212050262003,0.35398360782375793,-0.0002493746894032256,0.35398360782375793,0.0002493746894032256,4.219264563376267e-07,1.7394489966658385e-19,False,False,FLOATING_D_NOT_CERTIFIED_REGRET
20262004,M2_16,3000,interior_three_quarters,primary_interior,7.228365429988326,AVAILABLE,,0.028789062500000004,0.032677022493444396,interior,interior_grid,0.8102986233230697,0.80449660383786,0.8034316653216095,0.0010649385162505576,-0.5582981449276998,-0.006132141797660751,0.5582981449276998,0.006132141797660751,4.219264563376267e-07,1.7394489966658385e-19,False,False,FLOATING_D_NOT_CERTIFIED_REGRET
20262004,M2_16,3000,A_transition,secondary_boundary_or_transition,9.313693283147819,AVAILABLE,,0.02,0.02,lower_boundary,lower_boundary,0.8548115237214365,0.8575238499568374,0.8575238499568374,0.0,0.0,1.4621506889672968,0.0,0.0,4.219264563376267e-07,0.0,False,False,FLOATING_D_NOT_CERTIFIED_REGRET
20262004,M2_16,3000,A_three_halves,secondary_boundary_or_transition,13.970539924721727,AVAILABLE,,0.02,0.02,lower_boundary,lower_boundary,0.9479484565529148,0.9506607827883156,0.9506607827883156,0.0,4.6568466415739085,6.118997330541205,0.0,0.0,4.219264563376267e-07,0.0,False,False,FLOATING_D_NOT_CERTIFIED_REGRET
20262004,M1_32,300,B_half,secondary_boundary_or_transition,0.48619093525492485,AVAILABLE,,0.2,0.2,upper_boundary,upper_boundary,0.13031699047488832,0.19553766073977313,0.19553766073977313,0.0,-0.48619093525492485,-1.5819752924330377,0.0,0.0,2.1714483371062722e-07,0.0,False,False,FLOATING_D_NOT_CERTIFIED_REGRET
20262004,M1_32,300,B_transition,secondary_boundary_or_transition,0.9723818705098497,AVAILABLE,,0.2,0.2,upper_boundary,upper_boundary,0.2275551775258733,0.2927758477907581,0.2927758477907581,0.0,0.0,-1.0957843571781127,0.0,0.0,2.1714483371062722e-07,0.0,False,False,FLOATING_D_NOT_CERTIFIED_REGRET
20262004,M1_32,300,interior_quarter,primary_interior,3.0577097236693422,AVAILABLE,,0.02,0.09106390413362532,interior,lower_boundary,0.569366810984855,0.7324041787672679,0.5717823130524995,0.16062186571476844,-6.2559835594784765,1.729558460352745,6.2559835594784765,0.0,2.1714483371062722e-07,1.7394489966658385e-19,True,False,FLOATING_D_NOT_CERTIFIED_REGRET
20262004,M1_32,300,interior_half,primary_interior,5.143037576828834,AVAILABLE,,0.02,0.05259262098465113,interior,lower_boundary,0.6110733680480448,0.7741107358304578,0.7163464974857452,0.05776423834471256,-4.170655706318985,3.814886313512237,4.170655706318985,0.0,2.1714483371062722e-07,1.7394489966658385e-19,True,False,FLOATING_D_NOT_CERTIFIED_REGRET
20262004,M1_32,300,interior_three_quarters,primary_interior,7.228365429988326,AVAILABLE,,0.02,0.032677022493444396,interior,lower_boundary,0.6527799251112346,0.8158172928936476,0.8034316653216095,0.012385627572038094,-2.0853278531594928,5.900214166671729,2.0853278531594928,0.0,2.1714483371062722e-07,1.7394489966658385e-19,True,False,FLOATING_D_NOT_CERTIFIED_REGRET
20262004,M1_32,300,A_transition,secondary_boundary_or_transition,9.313693283147819,AVAILABLE,,0.02,0.02,lower_boundary,lower_boundary,0.6944864821744244,0.8575238499568374,0.8575238499568374,0.0,0.0,7.985542019831222,0.0,0.0,2.1714483371062722e-07,0.0,False,False,FLOATING_D_NOT_CERTIFIED_REGRET
20262004,M1_32,300,A_three_halves,secondary_boundary_or_transition,13.970539924721727,AVAILABLE,,0.02,0.02,lower_boundary,lower_boundary,0.7876234150059027,0.9506607827883156,0.9506607827883156,0.0,4.6568466415739085,12.64238866140513,0.0,0.0,2.1714483371062722e-07,0.0,False,False,FLOATING_D_NOT_CERTIFIED_REGRET
20262004,M1_32,3000,B_half,secondary_boundary_or_transition,0.48619093525492485,AVAILABLE,,0.18224609375,0.2,upper_boundary,interior_grid,0.20490356215409444,0.2057928778261305,0.19553766073977313,0.010255217086357377,-0.6748374637974516,-0.0010007467332005526,0.6748374637974516,0.0010007467332005526,2.6396344291325984e-07,0.0,True,False,FLOATING_D_NOT_CERTIFIED_REGRET
20262004,M1_32,3000,B_transition,secondary_boundary_or_transition,0.9723818705098497,AVAILABLE,,0.16712890625000001,0.2,upper_boundary,interior_grid,0.2897744726313338,0.2986539683542938,0.2927758477907581,0.005878120563535705,-0.37934648797795356,-0.0017664479938163113,0.37934648797795356,0.0017664479938163113,2.6396344291325984e-07,0.0,True,False,FLOATING_D_NOT_CERTIFIED_REGRET
20262004,M1_32,3000,interior_quarter,primary_interior,3.0577097236693422,AVAILABLE,,0.11123046875000002,0.09106390413362532,interior,interior_grid,0.5796870393910604,0.5784812758318161,0.5717823130524995,0.006698962779316586,0.631738431451176,0.002856553578259202,0.631738431451176,0.002856553578259202,2.6396344291325984e-07,1.7394489966658385e-19,False,False,FLOATING_D_NOT_CERTIFIED_REGRET
20262004,M1_32,3000,interior_half,primary_interior,5.143037576828834,AVAILABLE,,0.02,0.05259262098465113,interior,lower_boundary,0.6996139518622797,0.7741107358304578,0.7163464974857452,0.05776423834471256,-4.170655706318985,1.28618884319694,4.170655706318985,0.0,2.6396344291325984e-07,1.7394489966658385e-19,True,False,FLOATING_D_NOT_CERTIFIED_REGRET
20262004,M1_32,3000,interior_three_quarters,primary_interior,7.228365429988326,AVAILABLE,,0.02,0.032677022493444396,interior,lower_boundary,0.7413205089254695,0.8158172928936476,0.8034316653216095,0.012385627572038094,-2.0853278531594928,3.371516696356432,2.0853278531594928,0.0,2.6396344291325984e-07,1.7394489966658385e-19,True,False,FLOATING_D_NOT_CERTIFIED_REGRET
20262004,M1_32,3000,A_transition,secondary_boundary_or_transition,9.313693283147819,AVAILABLE,,0.02,0.02,lower_boundary,lower_boundary,0.7830270659886593,0.8575238499568374,0.8575238499568374,0.0,0.0,5.456844549515925,0.0,0.0,2.6396344291325984e-07,0.0,False,False,FLOATING_D_NOT_CERTIFIED_REGRET
20262004,M1_32,3000,A_three_halves,secondary_boundary_or_transition,13.970539924721727,AVAILABLE,,0.02,0.02,lower_boundary,lower_boundary,0.8761639988201375,0.9506607827883156,0.9506607827883156,0.0,4.6568466415739085,10.113691191089833,0.0,0.0,2.6396344291325984e-07,0.0,False,False,FLOATING_D_NOT_CERTIFIED_REGRET
20262005,M1_16,300,B_half,secondary_boundary_or_transition,0.48619093525492485,AVAILABLE,,0.2,0.2,upper_boundary,upper_boundary,0.11475818573034541,0.19553766073977313,0.19553766073977313,0.0,-0.48619093525492485,-2.5395138882667347,0.0,0.0,1.9390222730310525e-07,0.0,False,False,FLOATING_D_NOT_CERTIFIED_REGRET
20262005,M1_16,300,B_transition,secondary_boundary_or_transition,0.9723818705098497,AVAILABLE,,0.2,0.2,upper_boundary,upper_boundary,0.21199637278133038,0.2927758477907581,0.2927758477907581,0.0,0.0,-2.0533229530118096,0.0,0.0,1.9390222730310525e-07,0.0,False,False,FLOATING_D_NOT_CERTIFIED_REGRET
20262005,M1_16,300,interior_quarter,primary_interior,3.0577097236693422,AVAILABLE,,0.02,0.09106390413362532,interior,lower_boundary,0.5844916915079345,0.7324041787672679,0.5717823130524995,0.16062186571476844,-6.2559835594784765,0.8006980429390116,6.2559835594784765,0.0,1.9390222730310525e-07,1.7394489966658385e-19,True,False,FLOATING_D_NOT_CERTIFIED_REGRET
20262005,M1_16,300,interior_half,primary_interior,5.143037576828834,AVAILABLE,,0.02,0.05259262098465113,interior,lower_boundary,0.6261982485711243,0.7741107358304578,0.7163464974857452,0.05776423834471256,-4.170655706318985,2.8860258960985035,4.170655706318985,0.0,1.9390222730310525e-07,1.7394489966658385e-19,True,False,FLOATING_D_NOT_CERTIFIED_REGRET
20262005,M1_16,300,interior_three_quarters,primary_interior,7.228365429988326,AVAILABLE,,0.02,0.032677022493444396,interior,lower_boundary,0.6679048056343141,0.8158172928936476,0.8034316653216095,0.012385627572038094,-2.0853278531594928,4.971353749257995,2.0853278531594928,0.0,1.9390222730310525e-07,1.7394489966658385e-19,True,False,FLOATING_D_NOT_CERTIFIED_REGRET
20262005,M1_16,300,A_transition,secondary_boundary_or_transition,9.313693283147819,AVAILABLE,,0.02,0.02,lower_boundary,lower_boundary,0.7096113626975039,0.8575238499568374,0.8575238499568374,0.0,0.0,7.056681602417488,0.0,0.0,1.9390222730310525e-07,0.0,False,False,FLOATING_D_NOT_CERTIFIED_REGRET
20262005,M1_16,300,A_three_halves,secondary_boundary_or_transition,13.970539924721727,AVAILABLE,,0.02,0.02,lower_boundary,lower_boundary,0.8027482955289822,0.9506607827883156,0.9506607827883156,0.0,4.6568466415739085,11.713528243991396,0.0,0.0,1.9390222730310525e-07,0.0,False,False,FLOATING_D_NOT_CERTIFIED_REGRET
20262005,M1_16,3000,B_half,secondary_boundary_or_transition,0.48619093525492485,AVAILABLE,,0.2,0.2,upper_boundary,upper_boundary,0.1761361122736103,0.19553766073977313,0.19553766073977313,0.0,-0.48619093525492485,-2.015062339865324,0.0,0.0,3.8518265789898943e-07,0.0,False,False,FLOATING_D_NOT_CERTIFIED_REGRET
20262005,M1_16,3000,B_transition,secondary_boundary_or_transition,0.9723818705098497,AVAILABLE,,0.2,0.2,upper_boundary,upper_boundary,0.2733742993245953,0.2927758477907581,0.2927758477907581,0.0,0.0,-1.5288714046103988,0.0,0.0,3.8518265789898943e-07,0.0,False,False,FLOATING_D_NOT_CERTIFIED_REGRET
20262005,M1_16,3000,interior_quarter,primary_interior,3.0577097236693422,AVAILABLE,,0.09681640625000001,0.09106390413362532,interior,interior_grid,0.5661269306964389,0.5723690525113474,0.5717823130524995,0.0005867394588479069,0.20084517124841605,0.002750714405146404,0.20084517124841605,0.002750714405146404,3.8518265789898943e-07,1.7394489966658385e-19,False,False,FLOATING_D_NOT_CERTIFIED_REGRET
20262005,M1_16,3000,interior_half,primary_interior,5.143037576828834,AVAILABLE,,0.05427734375,0.05259262098465113,interior,interior_grid,0.7265808726838374,0.7164586051714182,0.7163464974857452,0.0001121076856730463,0.13219145310497193,-0.0009123032696649602,0.13219145310497193,0.0009123032696649602,3.8518265789898943e-07,1.7394489966658385e-19,False,False,FLOATING_D_NOT_CERTIFIED_REGRET
20262005,M1_16,3000,interior_three_quarters,primary_interior,7.228365429988326,AVAILABLE,,0.02,0.032677022493444396,interior,lower_boundary,0.7839365473948001,0.8158172928936476,0.8034316653216095,0.012385627572038094,-2.0853278531594928,1.334845186262502,2.0853278531594928,0.0,3.8518265789898943e-07,1.7394489966658385e-19,True,False,FLOATING_D_NOT_CERTIFIED_REGRET
20262005,M1_16,3000,A_transition,secondary_boundary_or_transition,9.313693283147819,AVAILABLE,,0.02,0.02,lower_boundary,lower_boundary,0.8256431044579899,0.8575238499568374,0.8575238499568374,0.0,0.0,3.4201730394219947,0.0,0.0,3.8518265789898943e-07,0.0,False,False,FLOATING_D_NOT_CERTIFIED_REGRET
20262005,M1_16,3000,A_three_halves,secondary_boundary_or_transition,13.970539924721727,AVAILABLE,,0.02,0.02,lower_boundary,lower_boundary,0.9187800372894681,0.9506607827883156,0.9506607827883156,0.0,4.6568466415739085,8.077019680995903,0.0,0.0,3.8518265789898943e-07,0.0,False,False,FLOATING_D_NOT_CERTIFIED_REGRET
20262005,M2_16,300,B_half,secondary_boundary_or_transition,0.48619093525492485,AVAILABLE,,0.2,0.2,upper_boundary,upper_boundary,0.10067250151966446,0.19553766073977313,0.19553766073977313,0.0,-0.48619093525492485,-2.569868914696044,0.0,0.0,1.8772123309522264e-07,0.0,False,False,FLOATING_D_NOT_CERTIFIED_REGRET
20262005,M2_16,300,B_transition,secondary_boundary_or_transition,0.9723818705098497,AVAILABLE,,0.2,0.2,upper_boundary,upper_boundary,0.19791068857064945,0.2927758477907581,0.2927758477907581,0.0,0.0,-2.083677979441119,0.0,0.0,1.8772123309522264e-07,0.0,False,False,FLOATING_D_NOT_CERTIFIED_REGRET
20262005,M2_16,300,interior_quarter,primary_interior,3.0577097236693422,AVAILABLE,,0.02,0.09106390413362532,interior,lower_boundary,0.6051847702850247,0.7324041787672679,0.5717823130524995,0.16062186571476844,-6.2559835594784765,0.22186771615678236,6.2559835594784765,0.0,1.8772123309522264e-07,1.7394489966658385e-19,True,False,FLOATING_D_NOT_CERTIFIED_REGRET
20262005,M2_16,300,interior_half,primary_interior,5.143037576828834,AVAILABLE,,0.02,0.05259262098465113,interior,lower_boundary,0.6468913273482145,0.7741107358304578,0.7163464974857452,0.05776423834471256,-4.170655706318985,2.3071955693162742,4.170655706318985,0.0,1.8772123309522264e-07,1.7394489966658385e-19,True,False,FLOATING_D_NOT_CERTIFIED_REGRET
20262005,M2_16,300,interior_three_quarters,primary_interior,7.228365429988326,AVAILABLE,,0.02,0.032677022493444396,interior,lower_boundary,0.6885978844114043,0.8158172928936476,0.8034316653216095,0.012385627572038094,-2.0853278531594928,4.392523422475766,2.0853278531594928,0.0,1.8772123309522264e-07,1.7394489966658385e-19,True,False,FLOATING_D_NOT_CERTIFIED_REGRET
20262005,M2_16,300,A_transition,secondary_boundary_or_transition,9.313693283147819,AVAILABLE,,0.02,0.02,lower_boundary,lower_boundary,0.7303044414745942,0.8575238499568374,0.8575238499568374,0.0,0.0,6.477851275635259,0.0,0.0,1.8772123309522264e-07,0.0,False,False,FLOATING_D_NOT_CERTIFIED_REGRET
20262005,M2_16,300,A_three_halves,secondary_boundary_or_transition,13.970539924721727,AVAILABLE,,0.02,0.02,lower_boundary,lower_boundary,0.8234413743060724,0.9506607827883156,0.9506607827883156,0.0,4.6568466415739085,11.134697917209166,0.0,0.0,1.8772123309522264e-07,0.0,False,False,FLOATING_D_NOT_CERTIFIED_REGRET
20262005,M2_16,3000,B_half,secondary_boundary_or_transition,0.48619093525492485,AVAILABLE,,0.2,0.2,upper_boundary,upper_boundary,0.1903671678372791,0.19553766073977313,0.19553766073977313,0.0,-0.48619093525492485,-1.3966834332126425,0.0,0.0,3.5029883468452297e-07,0.0,False,False,FLOATING_D_NOT_CERTIFIED_REGRET
20262005,M2_16,3000,B_transition,secondary_boundary_or_transition,0.9723818705098497,AVAILABLE,,0.2,0.2,upper_boundary,upper_boundary,0.2876053548882641,0.2927758477907581,0.2927758477907581,0.0,0.0,-0.9104924979577176,0.0,0.0,3.5029883468452297e-07,0.0,False,False,FLOATING_D_NOT_CERTIFIED_REGRET
20262005,M2_16,3000,interior_quarter,primary_interior,3.0577097236693422,AVAILABLE,,0.09716796875000001,0.09106390413362532,interior,interior_grid,0.5614971303665357,0.5724417168873661,0.5717823130524995,0.0006594038348666231,0.21252350541800613,-0.0037792894183708015,0.21252350541800613,0.0037792894183708015,3.5029883468452297e-07,1.7394489966658385e-19,False,False,FLOATING_D_NOT_CERTIFIED_REGRET
20262005,M2_16,3000,interior_half,primary_interior,5.143037576828834,AVAILABLE,,0.06007812500000001,0.05259262098465113,interior,interior_grid,0.7257047957664576,0.7184617997072476,0.7163464974857452,0.0021153022215023576,0.5490731699013667,-0.004665304376198165,0.5490731699013667,0.004665304376198165,3.5029883468452297e-07,1.7394489966658385e-19,False,False,FLOATING_D_NOT_CERTIFIED_REGRET
20262005,M2_16,3000,interior_three_quarters,primary_interior,7.228365429988326,AVAILABLE,,0.02,0.032677022493444396,interior,lower_boundary,0.8057822604883451,0.8158172928936476,0.8034316653216095,0.012385627572038094,-2.0853278531594928,0.31864815436804683,2.0853278531594928,0.0,3.5029883468452297e-07,1.7394489966658385e-19,True,False,FLOATING_D_NOT_CERTIFIED_REGRET
20262005,M2_16,3000,A_transition,secondary_boundary_or_transition,9.313693283147819,AVAILABLE,,0.02,0.02,lower_boundary,lower_boundary,0.8474888175515349,0.8575238499568374,0.8575238499568374,0.0,0.0,2.4039760075275396,0.0,0.0,3.5029883468452297e-07,0.0,False,False,FLOATING_D_NOT_CERTIFIED_REGRET
20262005,M2_16,3000,A_three_halves,secondary_boundary_or_transition,13.970539924721727,AVAILABLE,,0.02,0.02,lower_boundary,lower_boundary,0.9406257503830131,0.9506607827883156,0.9506607827883156,0.0,4.6568466415739085,7.060822649101448,0.0,0.0,3.5029883468452297e-07,0.0,False,False,FLOATING_D_NOT_CERTIFIED_REGRET
20262005,M1_32,300,B_half,secondary_boundary_or_transition,0.48619093525492485,AVAILABLE,,0.2,0.2,upper_boundary,upper_boundary,0.11459216818471284,0.19553766073977313,0.19553766073977313,0.0,-0.48619093525492485,-2.54346602261247,0.0,0.0,1.938355753394782e-07,0.0,False,False,FLOATING_D_NOT_CERTIFIED_REGRET
20262005,M1_32,300,B_transition,secondary_boundary_or_transition,0.9723818705098497,AVAILABLE,,0.2,0.2,upper_boundary,upper_boundary,0.21183035523569782,0.2927758477907581,0.2927758477907581,0.0,0.0,-2.057275087357545,0.0,0.0,1.938355753394782e-07,0.0,False,False,FLOATING_D_NOT_CERTIFIED_REGRET
20262005,M1_32,300,interior_quarter,primary_interior,3.0577097236693422,AVAILABLE,,0.02,0.09106390413362532,interior,lower_boundary,0.5850513636324309,0.7324041787672679,0.5717823130524995,0.16062186571476844,-6.2559835594784765,0.796031163510345,6.2559835594784765,0.0,1.938355753394782e-07,1.7394489966658385e-19,True,False,FLOATING_D_NOT_CERTIFIED_REGRET
20262005,M1_32,300,interior_half,primary_interior,5.143037576828834,AVAILABLE,,0.02,0.05259262098465113,interior,lower_boundary,0.6267579206956208,0.7741107358304578,0.7163464974857452,0.05776423834471256,-4.170655706318985,2.881359016669837,4.170655706318985,0.0,1.938355753394782e-07,1.7394489966658385e-19,True,False,FLOATING_D_NOT_CERTIFIED_REGRET
20262005,M1_32,300,interior_three_quarters,primary_interior,7.228365429988326,AVAILABLE,,0.02,0.032677022493444396,interior,lower_boundary,0.6684644777588106,0.8158172928936476,0.8034316653216095,0.012385627572038094,-2.0853278531594928,4.966686869829329,2.0853278531594928,0.0,1.938355753394782e-07,1.7394489966658385e-19,True,False,FLOATING_D_NOT_CERTIFIED_REGRET
20262005,M1_32,300,A_transition,secondary_boundary_or_transition,9.313693283147819,AVAILABLE,,0.02,0.02,lower_boundary,lower_boundary,0.7101710348220004,0.8575238499568374,0.8575238499568374,0.0,0.0,7.0520147229888215,0.0,0.0,1.938355753394782e-07,0.0,False,False,FLOATING_D_NOT_CERTIFIED_REGRET
20262005,M1_32,300,A_three_halves,secondary_boundary_or_transition,13.970539924721727,AVAILABLE,,0.02,0.02,lower_boundary,lower_boundary,0.8033079676534787,0.9506607827883156,0.9506607827883156,0.0,4.6568466415739085,11.708861364562729,0.0,0.0,1.938355753394782e-07,0.0,False,False,FLOATING_D_NOT_CERTIFIED_REGRET
20262005,M1_32,3000,B_half,secondary_boundary_or_transition,0.48619093525492485,AVAILABLE,,0.2,0.2,upper_boundary,upper_boundary,0.17651225314946734,0.19553766073977313,0.19553766073977313,0.0,-0.48619093525492485,-2.0128659769890596,0.0,0.0,3.8546382568040967e-07,0.0,False,False,FLOATING_D_NOT_CERTIFIED_REGRET
20262005,M1_32,3000,B_transition,secondary_boundary_or_transition,0.9723818705098497,AVAILABLE,,0.2,0.2,upper_boundary,upper_boundary,0.2737504402004523,0.2927758477907581,0.2927758477907581,0.0,0.0,-1.5266750417341346,0.0,0.0,3.8546382568040967e-07,0.0,False,False,FLOATING_D_NOT_CERTIFIED_REGRET
20262005,M1_32,3000,interior_quarter,primary_interior,3.0577097236693422,AVAILABLE,,0.09681640625000001,0.09106390413362532,interior,interior_grid,0.5659433824373121,0.5723690525113474,0.5717823130524995,0.0005867394588479069,0.20084517124841605,-0.0014392494232944308,0.20084517124841605,0.0014392494232944308,3.8546382568040967e-07,1.7394489966658385e-19,False,False,FLOATING_D_NOT_CERTIFIED_REGRET
20262005,M1_32,3000,interior_half,primary_interior,5.143037576828834,AVAILABLE,,0.05462890625,0.05259262098465113,interior,interior_grid,0.7268060078599896,0.7165098167259658,0.7163464974857452,0.00016331924022061628,0.1591076729692995,-0.002706825315306638,0.1591076729692995,0.002706825315306638,3.8546382568040967e-07,1.7394489966658385e-19,False,False,FLOATING_D_NOT_CERTIFIED_REGRET
20262005,M1_32,3000,interior_three_quarters,primary_interior,7.228365429988326,AVAILABLE,,0.02,0.032677022493444396,interior,lower_boundary,0.7847858961432278,0.8158172928936476,0.8034316653216095,0.012385627572038094,-2.0853278531594928,1.3134041206580607,2.0853278531594928,0.0,3.8546382568040967e-07,1.7394489966658385e-19,True,False,FLOATING_D_NOT_CERTIFIED_REGRET
20262005,M1_32,3000,A_transition,secondary_boundary_or_transition,9.313693283147819,AVAILABLE,,0.02,0.02,lower_boundary,lower_boundary,0.8264924532064176,0.8575238499568374,0.8575238499568374,0.0,0.0,3.3987319738175534,0.0,0.0,3.8546382568040967e-07,0.0,False,False,FLOATING_D_NOT_CERTIFIED_REGRET
20262005,M1_32,3000,A_three_halves,secondary_boundary_or_transition,13.970539924721727,AVAILABLE,,0.02,0.02,lower_boundary,lower_boundary,0.9196293860378959,0.9506607827883156,0.9506607827883156,0.0,4.6568466415739085,8.055578615391461,0.0,0.0,3.8546382568040967e-07,0.0,False,False,FLOATING_D_NOT_CERTIFIED_REGRET
20262006,M1_16,300,B_half,secondary_boundary_or_transition,0.48619093525492485,AVAILABLE,,0.2,0.2,upper_boundary,upper_boundary,0.12388140364446043,0.19553766073977313,0.19553766073977313,0.0,-0.48619093525492485,-1.8462097108350077,0.0,0.0,2.500858172646517e-07,0.0,False,False,FLOATING_D_NOT_CERTIFIED_REGRET
20262006,M1_16,300,B_transition,secondary_boundary_or_transition,0.9723818705098497,AVAILABLE,,0.2,0.2,upper_boundary,upper_boundary,0.2211195906954454,0.2927758477907581,0.2927758477907581,0.0,0.0,-1.3600187755800828,0.0,0.0,2.500858172646517e-07,0.0,False,False,FLOATING_D_NOT_CERTIFIED_REGRET
20262006,M1_16,300,interior_quarter,primary_interior,3.0577097236693422,AVAILABLE,,0.02,0.09106390413362532,interior,lower_boundary,0.5663530141707431,0.7324041787672679,0.5717823130524995,0.16062186571476844,-6.2559835594784765,1.7054708424779572,6.2559835594784765,0.0,2.500858172646517e-07,1.7394489966658385e-19,True,False,FLOATING_D_NOT_CERTIFIED_REGRET
20262006,M1_16,300,interior_half,primary_interior,5.143037576828834,AVAILABLE,,0.02,0.05259262098465113,interior,lower_boundary,0.608059571233933,0.7741107358304578,0.7163464974857452,0.05776423834471256,-4.170655706318985,3.790798695637449,4.170655706318985,0.0,2.500858172646517e-07,1.7394489966658385e-19,True,False,FLOATING_D_NOT_CERTIFIED_REGRET
20262006,M1_16,300,interior_three_quarters,primary_interior,7.228365429988326,AVAILABLE,,0.02,0.032677022493444396,interior,lower_boundary,0.6497661282971228,0.8158172928936476,0.8034316653216095,0.012385627572038094,-2.0853278531594928,5.876126548796941,2.0853278531594928,0.0,2.500858172646517e-07,1.7394489966658385e-19,True,False,FLOATING_D_NOT_CERTIFIED_REGRET
20262006,M1_16,300,A_transition,secondary_boundary_or_transition,9.313693283147819,AVAILABLE,,0.02,0.02,lower_boundary,lower_boundary,0.6914726853603126,0.8575238499568374,0.8575238499568374,0.0,0.0,7.961454401956434,0.0,0.0,2.500858172646517e-07,0.0,False,False,FLOATING_D_NOT_CERTIFIED_REGRET
20262006,M1_16,300,A_three_halves,secondary_boundary_or_transition,13.970539924721727,AVAILABLE,,0.02,0.02,lower_boundary,lower_boundary,0.7846096181917908,0.9506607827883156,0.9506607827883156,0.0,4.6568466415739085,12.618301043530343,0.0,0.0,2.500858172646517e-07,0.0,False,False,FLOATING_D_NOT_CERTIFIED_REGRET
20262006,M1_16,3000,B_half,secondary_boundary_or_transition,0.48619093525492485,AVAILABLE,,0.190859375,0.2,upper_boundary,interior_grid,0.2026690482722348,0.20039924259140873,0.19553766073977313,0.004861581851635599,-0.5789924070819362,-0.0007739656772302594,0.5789924070819362,0.0007739656772302594,2.9180464216563455e-07,0.0,True,False,FLOATING_D_NOT_CERTIFIED_REGRET
20262006,M1_16,3000,B_transition,secondary_boundary_or_transition,0.9723818705098497,AVAILABLE,,0.171171875,0.2,upper_boundary,interior_grid,0.29044435743967584,0.29723031822712104,0.2927758477907581,0.004454470436362934,-0.3253043384295793,0.00197987070101191,0.3253043384295793,0.00197987070101191,2.9180464216563455e-07,0.0,True,False,FLOATING_D_NOT_CERTIFIED_REGRET
20262006,M1_16,3000,interior_quarter,primary_interior,3.0577097236693422,AVAILABLE,,0.10964843750000001,0.09106390413362532,interior,interior_grid,0.581127339109434,0.5775156848903505,0.5717823130524995,0.005733371837851053,0.5887983078146117,-0.001267063793399359,0.5887983078146117,0.001267063793399359,2.9180464216563455e-07,1.7394489966658385e-19,False,False,FLOATING_D_NOT_CERTIFIED_REGRET
20262006,M1_16,3000,interior_half,primary_interior,5.143037576828834,AVAILABLE,,0.02,0.05259262098465113,interior,lower_boundary,0.6976061207533834,0.7741107358304578,0.7163464974857452,0.05776423834471256,-4.170655706318985,1.277388315131832,4.170655706318985,0.0,2.9180464216563455e-07,1.7394489966658385e-19,True,False,FLOATING_D_NOT_CERTIFIED_REGRET
20262006,M1_16,3000,interior_three_quarters,primary_interior,7.228365429988326,AVAILABLE,,0.02,0.032677022493444396,interior,lower_boundary,0.7393126778165732,0.8158172928936476,0.8034316653216095,0.012385627572038094,-2.0853278531594928,3.362716168291324,2.0853278531594928,0.0,2.9180464216563455e-07,1.7394489966658385e-19,True,False,FLOATING_D_NOT_CERTIFIED_REGRET
20262006,M1_16,3000,A_transition,secondary_boundary_or_transition,9.313693283147819,AVAILABLE,,0.02,0.02,lower_boundary,lower_boundary,0.781019234879763,0.8575238499568374,0.8575238499568374,0.0,0.0,5.448044021450817,0.0,0.0,2.9180464216563455e-07,0.0,False,False,FLOATING_D_NOT_CERTIFIED_REGRET
20262006,M1_16,3000,A_three_halves,secondary_boundary_or_transition,13.970539924721727,AVAILABLE,,0.02,0.02,lower_boundary,lower_boundary,0.8741561677112413,0.9506607827883156,0.9506607827883156,0.0,4.6568466415739085,10.104890663024726,0.0,0.0,2.9180464216563455e-07,0.0,False,False,FLOATING_D_NOT_CERTIFIED_REGRET
20262006,M2_16,300,B_half,secondary_boundary_or_transition,0.48619093525492485,AVAILABLE,,0.2,0.2,upper_boundary,upper_boundary,0.10723921397091764,0.19553766073977313,0.19553766073977313,0.0,-0.48619093525492485,-1.6828284711453074,0.0,0.0,2.4650560850524134e-07,0.0,False,False,FLOATING_D_NOT_CERTIFIED_REGRET
20262006,M2_16,300,B_transition,secondary_boundary_or_transition,0.9723818705098497,AVAILABLE,,0.2,0.2,upper_boundary,upper_boundary,0.2044774010219026,0.2927758477907581,0.2927758477907581,0.0,0.0,-1.1966375358903825,0.0,0.0,2.4650560850524134e-07,0.0,False,False,FLOATING_D_NOT_CERTIFIED_REGRET
20262006,M2_16,300,interior_quarter,primary_interior,3.0577097236693422,AVAILABLE,,0.02,0.09106390413362532,interior,lower_boundary,0.5948810640955633,0.7324041787672679,0.5717823130524995,0.16062186571476844,-6.2559835594784765,1.0057603760198055,6.2559835594784765,0.0,2.4650560850524134e-07,1.7394489966658385e-19,True,False,FLOATING_D_NOT_CERTIFIED_REGRET
20262006,M2_16,300,interior_half,primary_interior,5.143037576828834,AVAILABLE,,0.02,0.05259262098465113,interior,lower_boundary,0.6365876211587531,0.7741107358304578,0.7163464974857452,0.05776423834471256,-4.170655706318985,3.0910882291792974,4.170655706318985,0.0,2.4650560850524134e-07,1.7394489966658385e-19,True,False,FLOATING_D_NOT_CERTIFIED_REGRET
20262006,M2_16,300,interior_three_quarters,primary_interior,7.228365429988326,AVAILABLE,,0.02,0.032677022493444396,interior,lower_boundary,0.6782941782219429,0.8158172928936476,0.8034316653216095,0.012385627572038094,-2.0853278531594928,5.17641608233879,2.0853278531594928,0.0,2.4650560850524134e-07,1.7394489966658385e-19,True,False,FLOATING_D_NOT_CERTIFIED_REGRET
20262006,M2_16,300,A_transition,secondary_boundary_or_transition,9.313693283147819,AVAILABLE,,0.02,0.02,lower_boundary,lower_boundary,0.7200007352851328,0.8575238499568374,0.8575238499568374,0.0,0.0,7.2617439354982825,0.0,0.0,2.4650560850524134e-07,0.0,False,False,FLOATING_D_NOT_CERTIFIED_REGRET
20262006,M2_16,300,A_three_halves,secondary_boundary_or_transition,13.970539924721727,AVAILABLE,,0.02,0.02,lower_boundary,lower_boundary,0.8131376681166109,0.9506607827883156,0.9506607827883156,0.0,4.6568466415739085,11.918590577072191,0.0,0.0,2.4650560850524134e-07,0.0,False,False,FLOATING_D_NOT_CERTIFIED_REGRET
20262006,M2_16,3000,B_half,secondary_boundary_or_transition,0.48619093525492485,AVAILABLE,,0.2,0.2,upper_boundary,upper_boundary,0.19515828926879808,0.19553766073977313,0.19553766073977313,0.0,-0.48619093525492485,-0.8425464826528629,0.0,0.0,3.580833328103665e-07,0.0,False,False,FLOATING_D_NOT_CERTIFIED_REGRET
20262006,M2_16,3000,B_transition,secondary_boundary_or_transition,0.9723818705098497,AVAILABLE,,0.2,0.2,upper_boundary,upper_boundary,0.29239647631978305,0.2927758477907581,0.2927758477907581,0.0,0.0,-0.35635554739793807,0.0,0.0,3.580833328103665e-07,0.0,False,False,FLOATING_D_NOT_CERTIFIED_REGRET
20262006,M2_16,3000,interior_quarter,primary_interior,3.0577097236693422,AVAILABLE,,0.09628906250000001,0.09106390413362532,interior,interior_grid,0.5641254131964892,0.5722677828859439,0.5717823130524995,0.0004854698334444407,0.18320449982003106,-0.003813078011237092,0.18320449982003106,0.003813078011237092,3.580833328103665e-07,1.7394489966658385e-19,False,False,FLOATING_D_NOT_CERTIFIED_REGRET
20262006,M2_16,3000,interior_half,primary_interior,5.143037576828834,AVAILABLE,,0.058847656250000005,0.05259262098465113,interior,interior_grid,0.7249620578053528,0.7178374988736209,0.7163464974857452,0.0014910013878757233,0.46527112859087705,-0.004383975507678883,0.46527112859087705,0.004383975507678883,3.580833328103665e-07,1.7394489966658385e-19,False,False,FLOATING_D_NOT_CERTIFIED_REGRET
20262006,M2_16,3000,interior_three_quarters,primary_interior,7.228365429988326,AVAILABLE,,0.02,0.032677022493444396,interior,lower_boundary,0.8078986562320084,0.8158172928936476,0.8034316653216095,0.012385627572038094,-2.0853278531594928,0.08779499039690108,2.0853278531594928,0.0,3.580833328103665e-07,1.7394489966658385e-19,True,False,FLOATING_D_NOT_CERTIFIED_REGRET
20262006,M2_16,3000,A_transition,secondary_boundary_or_transition,9.313693283147819,AVAILABLE,,0.02,0.02,lower_boundary,lower_boundary,0.8496052132951982,0.8575238499568374,0.8575238499568374,0.0,0.0,2.173122843556394,0.0,0.0,3.580833328103665e-07,0.0,False,False,FLOATING_D_NOT_CERTIFIED_REGRET
20262006,M2_16,3000,A_three_halves,secondary_boundary_or_transition,13.970539924721727,AVAILABLE,,0.02,0.02,lower_boundary,lower_boundary,0.9427421461266765,0.9506607827883156,0.9506607827883156,0.0,4.6568466415739085,6.829969485130302,0.0,0.0,3.580833328103665e-07,0.0,False,False,FLOATING_D_NOT_CERTIFIED_REGRET
20262006,M1_32,300,B_half,secondary_boundary_or_transition,0.48619093525492485,AVAILABLE,,0.2,0.2,upper_boundary,upper_boundary,0.12362057243629673,0.19553766073977313,0.19553766073977313,0.0,-0.48619093525492485,-1.850293535059945,0.0,0.0,2.500753682544316e-07,0.0,False,False,FLOATING_D_NOT_CERTIFIED_REGRET
20262006,M1_32,300,B_transition,secondary_boundary_or_transition,0.9723818705098497,AVAILABLE,,0.2,0.2,upper_boundary,upper_boundary,0.2208587594872817,0.2927758477907581,0.2927758477907581,0.0,0.0,-1.36410259980502,0.0,0.0,2.500753682544316e-07,0.0,False,False,FLOATING_D_NOT_CERTIFIED_REGRET
20262006,M1_32,300,interior_quarter,primary_interior,3.0577097236693422,AVAILABLE,,0.02,0.09106390413362532,interior,lower_boundary,0.5670117284611014,0.7324041787672679,0.5717823130524995,0.16062186571476844,-6.2559835594784765,1.7003828271840566,6.2559835594784765,0.0,2.500753682544316e-07,1.7394489966658385e-19,True,False,FLOATING_D_NOT_CERTIFIED_REGRET
20262006,M1_32,300,interior_half,primary_interior,5.143037576828834,AVAILABLE,,0.02,0.05259262098465113,interior,lower_boundary,0.6087182855242912,0.7741107358304578,0.7163464974857452,0.05776423834471256,-4.170655706318985,3.7857106803435485,4.170655706318985,0.0,2.500753682544316e-07,1.7394489966658385e-19,True,False,FLOATING_D_NOT_CERTIFIED_REGRET
20262006,M1_32,300,interior_three_quarters,primary_interior,7.228365429988326,AVAILABLE,,0.02,0.032677022493444396,interior,lower_boundary,0.650424842587481,0.8158172928936476,0.8034316653216095,0.012385627572038094,-2.0853278531594928,5.87103853350304,2.0853278531594928,0.0,2.500753682544316e-07,1.7394489966658385e-19,True,False,FLOATING_D_NOT_CERTIFIED_REGRET
20262006,M1_32,300,A_transition,secondary_boundary_or_transition,9.313693283147819,AVAILABLE,,0.02,0.02,lower_boundary,lower_boundary,0.6921313996506708,0.8575238499568374,0.8575238499568374,0.0,0.0,7.956366386662533,0.0,0.0,2.500753682544316e-07,0.0,False,False,FLOATING_D_NOT_CERTIFIED_REGRET
20262006,M1_32,300,A_three_halves,secondary_boundary_or_transition,13.970539924721727,AVAILABLE,,0.02,0.02,lower_boundary,lower_boundary,0.785268332482149,0.9506607827883156,0.9506607827883156,0.0,4.6568466415739085,12.61321302823644,0.0,0.0,2.500753682544316e-07,0.0,False,False,FLOATING_D_NOT_CERTIFIED_REGRET
20262006,M1_32,3000,B_half,secondary_boundary_or_transition,0.48619093525492485,AVAILABLE,,0.190859375,0.2,upper_boundary,interior_grid,0.20278999827414707,0.20039924259140873,0.19553766073977313,0.004861581851635599,-0.5789924070819362,0.0017605765986931643,0.5789924070819362,0.0017605765986931643,2.922270965646464e-07,0.0,True,False,FLOATING_D_NOT_CERTIFIED_REGRET
20262006,M1_32,3000,B_transition,secondary_boundary_or_transition,0.9723818705098497,AVAILABLE,,0.17082031250000002,0.2,upper_boundary,interior_grid,0.2904829123359496,0.2973454923236447,0.2927758477907581,0.0045696445328866075,-0.3299111861589956,-0.0022642375537810233,0.3299111861589956,0.0022642375537810233,2.922270965646464e-07,0.0,True,False,FLOATING_D_NOT_CERTIFIED_REGRET
20262006,M1_32,3000,interior_quarter,primary_interior,3.0577097236693422,AVAILABLE,,0.10964843750000001,0.09106390413362532,interior,interior_grid,0.5808214319808405,0.5775156848903505,0.5717823130524995,0.005733371837851053,0.5887983078146117,-0.00023981074834544813,0.5887983078146117,0.00023981074834544813,2.922270965646464e-07,1.7394489966658385e-19,False,False,FLOATING_D_NOT_CERTIFIED_REGRET
20262006,M1_32,3000,interior_half,primary_interior,5.143037576828834,AVAILABLE,,0.02,0.05259262098465113,interior,lower_boundary,0.6992231831284346,0.7741107358304578,0.7163464974857452,0.05776423834471256,-4.170655706318985,1.2317360586311823,4.170655706318985,0.0,2.922270965646464e-07,1.7394489966658385e-19,True,False,FLOATING_D_NOT_CERTIFIED_REGRET
20262006,M1_32,3000,interior_three_quarters,primary_interior,7.228365429988326,AVAILABLE,,0.02,0.032677022493444396,interior,lower_boundary,0.7409297401916244,0.8158172928936476,0.8034316653216095,0.012385627572038094,-2.0853278531594928,3.317063911790674,2.0853278531594928,0.0,2.922270965646464e-07,1.7394489966658385e-19,True,False,FLOATING_D_NOT_CERTIFIED_REGRET
20262006,M1_32,3000,A_transition,secondary_boundary_or_transition,9.313693283147819,AVAILABLE,,0.02,0.02,lower_boundary,lower_boundary,0.7826362972548142,0.8575238499568374,0.8575238499568374,0.0,0.0,5.402391764950167,0.0,0.0,2.922270965646464e-07,0.0,False,False,FLOATING_D_NOT_CERTIFIED_REGRET
20262006,M1_32,3000,A_three_halves,secondary_boundary_or_transition,13.970539924721727,AVAILABLE,,0.02,0.02,lower_boundary,lower_boundary,0.8757732300862924,0.9506607827883156,0.9506607827883156,0.0,4.6568466415739085,10.059238406524075,0.0,0.0,2.922270965646464e-07,0.0,False,False,FLOATING_D_NOT_CERTIFIED_REGRET
20262007,M1_16,300,B_half,secondary_boundary_or_transition,0.48619093525492485,AVAILABLE,,0.2,0.2,upper_boundary,upper_boundary,0.13205431777636534,0.19553766073977313,0.19553766073977313,0.0,-0.48619093525492485,-1.619157713517846,0.0,0.0,1.6811788659504994e-07,0.0,False,False,FLOATING_D_NOT_CERTIFIED_REGRET
20262007,M1_16,300,B_transition,secondary_boundary_or_transition,0.9723818705098497,AVAILABLE,,0.2,0.2,upper_boundary,upper_boundary,0.2292925048273503,0.2927758477907581,0.2927758477907581,0.0,0.0,-1.1329667782629211,0.0,0.0,1.6811788659504994e-07,0.0,False,False,FLOATING_D_NOT_CERTIFIED_REGRET
20262007,M1_16,300,interior_quarter,primary_interior,3.0577097236693422,AVAILABLE,,0.02,0.09106390413362532,interior,lower_boundary,0.5660231416442463,0.7324041787672679,0.5717823130524995,0.16062186571476844,-6.2559835594784765,1.7100673401555786,6.2559835594784765,0.0,1.6811788659504994e-07,1.7394489966658385e-19,True,False,FLOATING_D_NOT_CERTIFIED_REGRET
20262007,M1_16,300,interior_half,primary_interior,5.143037576828834,AVAILABLE,,0.02,0.05259262098465113,interior,lower_boundary,0.6077296987074361,0.7741107358304578,0.7163464974857452,0.05776423834471256,-4.170655706318985,3.7953951933150707,4.170655706318985,0.0,1.6811788659504994e-07,1.7394489966658385e-19,True,False,FLOATING_D_NOT_CERTIFIED_REGRET
20262007,M1_16,300,interior_three_quarters,primary_interior,7.228365429988326,AVAILABLE,,0.02,0.032677022493444396,interior,lower_boundary,0.6494362557706259,0.8158172928936476,0.8034316653216095,0.012385627572038094,-2.0853278531594928,5.880723046474563,2.0853278531594928,0.0,1.6811788659504994e-07,1.7394489966658385e-19,True,False,FLOATING_D_NOT_CERTIFIED_REGRET
20262007,M1_16,300,A_transition,secondary_boundary_or_transition,9.313693283147819,AVAILABLE,,0.02,0.02,lower_boundary,lower_boundary,0.6911428128338157,0.8575238499568374,0.8575238499568374,0.0,0.0,7.966050899634055,0.0,0.0,1.6811788659504994e-07,0.0,False,False,FLOATING_D_NOT_CERTIFIED_REGRET
20262007,M1_16,300,A_three_halves,secondary_boundary_or_transition,13.970539924721727,AVAILABLE,,0.02,0.02,lower_boundary,lower_boundary,0.7842797456652939,0.9506607827883156,0.9506607827883156,0.0,4.6568466415739085,12.622897541207964,0.0,0.0,1.6811788659504994e-07,0.0,False,False,FLOATING_D_NOT_CERTIFIED_REGRET
20262007,M1_16,3000,B_half,secondary_boundary_or_transition,0.48619093525492485,AVAILABLE,,0.19244140625,0.2,upper_boundary,interior_grid,0.19795272737301278,0.1994964985845173,0.19553766073977313,0.003958837844744156,-0.5622997704907647,-0.002138213710641379,0.5622997704907647,0.002138213710641379,2.0176324638902987e-07,0.0,True,False,FLOATING_D_NOT_CERTIFIED_REGRET
20262007,M1_16,3000,B_transition,secondary_boundary_or_transition,0.9723818705098497,AVAILABLE,,0.1750390625,0.2,upper_boundary,interior_grid,0.28722158338832204,0.296068775700182,0.2927758477907581,0.0032929279094238706,-0.2757525874571216,-0.002297418851218924,0.2757525874571216,0.002297418851218924,2.0176324638902987e-07,0.0,True,False,FLOATING_D_NOT_CERTIFIED_REGRET
20262007,M1_16,3000,interior_quarter,primary_interior,3.0577097236693422,AVAILABLE,,0.11123046875000002,0.09106390413362532,interior,interior_grid,0.5855857007167737,0.5784812758318161,0.5717823130524995,0.006698962779316586,0.631738431451176,-5.22313228397131e-05,0.631738431451176,5.22313228397131e-05,2.0176324638902987e-07,1.7394489966658385e-19,False,False,FLOATING_D_NOT_CERTIFIED_REGRET
20262007,M1_16,3000,interior_half,primary_interior,5.143037576828834,AVAILABLE,,0.02,0.05259262098465113,interior,lower_boundary,0.6879984203514607,0.7741107358304578,0.7163464974857452,0.05776423834471256,-4.170655706318985,1.618336551482341,4.170655706318985,0.0,2.0176324638902987e-07,1.7394489966658385e-19,True,False,FLOATING_D_NOT_CERTIFIED_REGRET
20262007,M1_16,3000,interior_three_quarters,primary_interior,7.228365429988326,AVAILABLE,,0.02,0.032677022493444396,interior,lower_boundary,0.7297049774146506,0.8158172928936476,0.8034316653216095,0.012385627572038094,-2.0853278531594928,3.7036644046418328,2.0853278531594928,0.0,2.0176324638902987e-07,1.7394489966658385e-19,True,False,FLOATING_D_NOT_CERTIFIED_REGRET
20262007,M1_16,3000,A_transition,secondary_boundary_or_transition,9.313693283147819,AVAILABLE,,0.02,0.02,lower_boundary,lower_boundary,0.7714115344778404,0.8575238499568374,0.8575238499568374,0.0,0.0,5.7889922578013255,0.0,0.0,2.0176324638902987e-07,0.0,False,False,FLOATING_D_NOT_CERTIFIED_REGRET
20262007,M1_16,3000,A_three_halves,secondary_boundary_or_transition,13.970539924721727,AVAILABLE,,0.02,0.02,lower_boundary,lower_boundary,0.8645484673093187,0.9506607827883156,0.9506607827883156,0.0,4.6568466415739085,10.445838899375234,0.0,0.0,2.0176324638902987e-07,0.0,False,False,FLOATING_D_NOT_CERTIFIED_REGRET
20262007,M2_16,300,B_half,secondary_boundary_or_transition,0.48619093525492485,AVAILABLE,,0.2,0.2,upper_boundary,upper_boundary,0.11308998482093689,0.19553766073977313,0.19553766073977313,0.0,-0.48619093525492485,-1.5113378083221871,0.0,0.0,1.6711586843227765e-07,0.0,False,False,FLOATING_D_NOT_CERTIFIED_REGRET
20262007,M2_16,300,B_transition,secondary_boundary_or_transition,0.9723818705098497,AVAILABLE,,0.2,0.2,upper_boundary,upper_boundary,0.21032817187192188,0.2927758477907581,0.2927758477907581,0.0,0.0,-1.0251468730672624,0.0,0.0,1.6711586843227765e-07,0.0,False,False,FLOATING_D_NOT_CERTIFIED_REGRET
20262007,M2_16,300,interior_quarter,primary_interior,3.0577097236693422,AVAILABLE,,0.02,0.09106390413362532,interior,lower_boundary,0.5914601703291078,0.7324041787672679,0.5717823130524995,0.16062186571476844,-6.2559835594784765,1.12756375782655,6.2559835594784765,0.0,1.6711586843227765e-07,1.7394489966658385e-19,True,False,FLOATING_D_NOT_CERTIFIED_REGRET
20262007,M2_16,300,interior_half,primary_interior,5.143037576828834,AVAILABLE,,0.02,0.05259262098465113,interior,lower_boundary,0.6331667273922976,0.7741107358304578,0.7163464974857452,0.05776423834471256,-4.170655706318985,3.212891610986042,4.170655706318985,0.0,1.6711586843227765e-07,1.7394489966658385e-19,True,False,FLOATING_D_NOT_CERTIFIED_REGRET
20262007,M2_16,300,interior_three_quarters,primary_interior,7.228365429988326,AVAILABLE,,0.02,0.032677022493444396,interior,lower_boundary,0.6748732844554874,0.8158172928936476,0.8034316653216095,0.012385627572038094,-2.0853278531594928,5.298219464145534,2.0853278531594928,0.0,1.6711586843227765e-07,1.7394489966658385e-19,True,False,FLOATING_D_NOT_CERTIFIED_REGRET
20262007,M2_16,300,A_transition,secondary_boundary_or_transition,9.313693283147819,AVAILABLE,,0.02,0.02,lower_boundary,lower_boundary,0.7165798415186773,0.8575238499568374,0.8575238499568374,0.0,0.0,7.383547317305027,0.0,0.0,1.6711586843227765e-07,0.0,False,False,FLOATING_D_NOT_CERTIFIED_REGRET
20262007,M2_16,300,A_three_halves,secondary_boundary_or_transition,13.970539924721727,AVAILABLE,,0.02,0.02,lower_boundary,lower_boundary,0.8097167743501554,0.9506607827883156,0.9506607827883156,0.0,4.6568466415739085,12.040393958878935,0.0,0.0,1.6711586843227765e-07,0.0,False,False,FLOATING_D_NOT_CERTIFIED_REGRET
20262007,M2_16,3000,B_half,secondary_boundary_or_transition,0.48619093525492485,AVAILABLE,,0.2,0.2,upper_boundary,upper_boundary,0.20154987297723986,0.19553766073977313,0.19553766073977313,0.0,-0.48619093525492485,-0.1860904471434781,0.0,0.0,2.748557124439041e-07,0.0,False,False,FLOATING_D_NOT_CERTIFIED_REGRET
20262007,M2_16,3000,B_transition,secondary_boundary_or_transition,0.9723818705098497,AVAILABLE,,0.17345703125,0.2,upper_boundary,interior_grid,0.2943861592672791,0.2965208206311102,0.2927758477907581,0.0037449728403520788,-0.2957775719799025,0.0006606449305744944,0.2957775719799025,0.0006606449305744944,2.748557124439041e-07,0.0,True,False,FLOATING_D_NOT_CERTIFIED_REGRET
20262007,M2_16,3000,interior_quarter,primary_interior,3.0577097236693422,AVAILABLE,,0.10015625000000002,0.09106390413362532,interior,interior_grid,0.5667489575101008,0.5732224026314334,0.5717823130524995,0.001440089578933934,0.3092198512176241,-8.232445034694891e-05,0.3092198512176241,8.232445034694891e-05,2.748557124439041e-07,1.7394489966658385e-19,False,False,FLOATING_D_NOT_CERTIFIED_REGRET
20262007,M2_16,3000,interior_half,primary_interior,5.143037576828834,AVAILABLE,,0.05779296875000001,0.05259262098465113,interior,interior_grid,0.7300231592111134,0.7173855107392393,0.7163464974857452,0.0010390132534940921,0.3915332243279206,0.0013594865286270519,0.3915332243279206,0.0013594865286270519,2.748557124439041e-07,1.7394489966658385e-19,False,False,FLOATING_D_NOT_CERTIFIED_REGRET
20262007,M2_16,3000,interior_three_quarters,primary_interior,7.228365429988326,AVAILABLE,,0.02,0.032677022493444396,interior,lower_boundary,0.8065741380252597,0.8158172928936476,0.8034316653216095,0.012385627572038094,-2.0853278531594928,0.3473805369516496,2.0853278531594928,0.0,2.748557124439041e-07,1.7394489966658385e-19,True,False,FLOATING_D_NOT_CERTIFIED_REGRET
20262007,M2_16,3000,A_transition,secondary_boundary_or_transition,9.313693283147819,AVAILABLE,,0.02,0.02,lower_boundary,lower_boundary,0.8482806950884495,0.8575238499568374,0.8575238499568374,0.0,0.0,2.4327083901111424,0.0,0.0,2.748557124439041e-07,0.0,False,False,FLOATING_D_NOT_CERTIFIED_REGRET
20262007,M2_16,3000,A_three_halves,secondary_boundary_or_transition,13.970539924721727,AVAILABLE,,0.02,0.02,lower_boundary,lower_boundary,0.9414176279199278,0.9506607827883156,0.9506607827883156,0.0,4.6568466415739085,7.089555031685051,0.0,0.0,2.748557124439041e-07,0.0,False,False,FLOATING_D_NOT_CERTIFIED_REGRET
20262007,M1_32,300,B_half,secondary_boundary_or_transition,0.48619093525492485,AVAILABLE,,0.2,0.2,upper_boundary,upper_boundary,0.13179159884726094,0.19553766073977313,0.19553766073977313,0.0,-0.48619093525492485,-1.623264521901445,0.0,0.0,1.6813424175116146e-07,0.0,False,False,FLOATING_D_NOT_CERTIFIED_REGRET
20262007,M1_32,300,B_transition,secondary_boundary_or_transition,0.9723818705098497,AVAILABLE,,0.2,0.2,upper_boundary,upper_boundary,0.2290297858982459,0.2927758477907581,0.2927758477907581,0.0,0.0,-1.13707358664652,0.0,0.0,1.6813424175116146e-07,0.0,False,False,FLOATING_D_NOT_CERTIFIED_REGRET
20262007,M1_32,300,interior_quarter,primary_interior,3.0577097236693422,AVAILABLE,,0.02,0.09106390413362532,interior,lower_boundary,0.5666676617522629,0.7324041787672679,0.5717823130524995,0.16062186571476844,-6.2559835594784765,1.7052067748703712,6.2559835594784765,0.0,1.6813424175116146e-07,1.7394489966658385e-19,True,False,FLOATING_D_NOT_CERTIFIED_REGRET
20262007,M1_32,300,interior_half,primary_interior,5.143037576828834,AVAILABLE,,0.02,0.05259262098465113,interior,lower_boundary,0.6083742188154527,0.7741107358304578,0.7163464974857452,0.05776423834471256,-4.170655706318985,3.790534628029863,4.170655706318985,0.0,1.6813424175116146e-07,1.7394489966658385e-19,True,False,FLOATING_D_NOT_CERTIFIED_REGRET
20262007,M1_32,300,interior_three_quarters,primary_interior,7.228365429988326,AVAILABLE,,0.02,0.032677022493444396,interior,lower_boundary,0.6500807758786425,0.8158172928936476,0.8034316653216095,0.012385627572038094,-2.0853278531594928,5.875862481189355,2.0853278531594928,0.0,1.6813424175116146e-07,1.7394489966658385e-19,True,False,FLOATING_D_NOT_CERTIFIED_REGRET
20262007,M1_32,300,A_transition,secondary_boundary_or_transition,9.313693283147819,AVAILABLE,,0.02,0.02,lower_boundary,lower_boundary,0.6917873329418324,0.8575238499568374,0.8575238499568374,0.0,0.0,7.9611903343488475,0.0,0.0,1.6813424175116146e-07,0.0,False,False,FLOATING_D_NOT_CERTIFIED_REGRET
20262007,M1_32,300,A_three_halves,secondary_boundary_or_transition,13.970539924721727,AVAILABLE,,0.02,0.02,lower_boundary,lower_boundary,0.7849242657733106,0.9506607827883156,0.9506607827883156,0.0,4.6568466415739085,12.618036975922756,0.0,0.0,1.6813424175116146e-07,0.0,False,False,FLOATING_D_NOT_CERTIFIED_REGRET
20262007,M1_32,3000,B_half,secondary_boundary_or_transition,0.48619093525492485,AVAILABLE,,0.19226562500000002,0.2,upper_boundary,interior_grid,0.1981136614397921,0.1995955021258384,0.19553766073977313,0.0040578413860652696,-0.5641410782196282,0.00034007222791293534,0.5641410782196282,0.00034007222791293534,2.0217120654115254e-07,0.0,True,False,FLOATING_D_NOT_CERTIFIED_REGRET
20262007,M1_32,3000,B_transition,secondary_boundary_or_transition,0.9723818705098497,AVAILABLE,,0.17486328125,0.2,upper_boundary,interior_grid,0.2872533345258306,0.2961174418744058,0.2927758477907581,0.003341594083647703,-0.2779610142942466,0.00014608280426475773,0.2779610142942466,0.00014608280426475773,2.0217120654115254e-07,0.0,True,False,FLOATING_D_NOT_CERTIFIED_REGRET
20262007,M1_32,3000,interior_quarter,primary_interior,3.0577097236693422,AVAILABLE,,0.11123046875000002,0.09106390413362532,interior,interior_grid,0.5852829490996156,0.5784812758318161,0.5717823130524995,0.006698962779316586,0.631738431451176,-0.0009472721345917812,0.631738431451176,0.0009472721345917812,2.0217120654115254e-07,1.7394489966658385e-19,False,False,FLOATING_D_NOT_CERTIFIED_REGRET
20262007,M1_32,3000,interior_half,primary_interior,5.143037576828834,AVAILABLE,,0.02,0.05259262098465113,interior,lower_boundary,0.689524633407468,0.7741107358304578,0.7163464974857452,0.05776423834471256,-4.170655706318985,1.580397351277044,4.170655706318985,0.0,2.0217120654115254e-07,1.7394489966658385e-19,True,False,FLOATING_D_NOT_CERTIFIED_REGRET
20262007,M1_32,3000,interior_three_quarters,primary_interior,7.228365429988326,AVAILABLE,,0.02,0.032677022493444396,interior,lower_boundary,0.7312311904706578,0.8158172928936476,0.8034316653216095,0.012385627572038094,-2.0853278531594928,3.665725204436536,2.0853278531594928,0.0,2.0217120654115254e-07,1.7394489966658385e-19,True,False,FLOATING_D_NOT_CERTIFIED_REGRET
20262007,M1_32,3000,A_transition,secondary_boundary_or_transition,9.313693283147819,AVAILABLE,,0.02,0.02,lower_boundary,lower_boundary,0.7729377475338476,0.8575238499568374,0.8575238499568374,0.0,0.0,5.751053057596028,0.0,0.0,2.0217120654115254e-07,0.0,False,False,FLOATING_D_NOT_CERTIFIED_REGRET
20262007,M1_32,3000,A_three_halves,secondary_boundary_or_transition,13.970539924721727,AVAILABLE,,0.02,0.02,lower_boundary,lower_boundary,0.8660746803653259,0.9506607827883156,0.9506607827883156,0.0,4.6568466415739085,10.407899699169937,0.0,0.0,2.0217120654115254e-07,0.0,False,False,FLOATING_D_NOT_CERTIFIED_REGRET
20262008,M1_16,300,B_half,secondary_boundary_or_transition,0.48619093525492485,AVAILABLE,,0.2,0.2,upper_boundary,upper_boundary,0.1191309015959016,0.19553766073977313,0.19553766073977313,0.0,-0.48619093525492485,-2.4397220998775233,0.0,0.0,1.1056089078922216e-07,0.0,False,False,FLOATING_D_NOT_CERTIFIED_REGRET
20262008,M1_16,300,B_transition,secondary_boundary_or_transition,0.9723818705098497,AVAILABLE,,0.2,0.2,upper_boundary,upper_boundary,0.2163690886468866,0.2927758477907581,0.2927758477907581,0.0,0.0,-1.9535311646225983,0.0,0.0,1.1056089078922216e-07,0.0,False,False,FLOATING_D_NOT_CERTIFIED_REGRET
20262008,M1_16,300,interior_quarter,primary_interior,3.0577097236693422,AVAILABLE,,0.02,0.09106390413362532,interior,lower_boundary,0.589856220077184,0.7324041787672679,0.5717823130524995,0.16062186571476844,-6.2559835594784765,0.6409600166209248,6.2559835594784765,0.0,1.1056089078922216e-07,1.7394489966658385e-19,True,False,FLOATING_D_NOT_CERTIFIED_REGRET
20262008,M1_16,300,interior_half,primary_interior,5.143037576828834,AVAILABLE,,0.02,0.05259262098465113,interior,lower_boundary,0.6315627771403738,0.7741107358304578,0.7163464974857452,0.05776423834471256,-4.170655706318985,2.7262878697804167,4.170655706318985,0.0,1.1056089078922216e-07,1.7394489966658385e-19,True,False,FLOATING_D_NOT_CERTIFIED_REGRET
20262008,M1_16,300,interior_three_quarters,primary_interior,7.228365429988326,AVAILABLE,,0.02,0.032677022493444396,interior,lower_boundary,0.6732693342035636,0.8158172928936476,0.8034316653216095,0.012385627572038094,-2.0853278531594928,4.811615722939909,2.0853278531594928,0.0,1.1056089078922216e-07,1.7394489966658385e-19,True,False,FLOATING_D_NOT_CERTIFIED_REGRET
20262008,M1_16,300,A_transition,secondary_boundary_or_transition,9.313693283147819,AVAILABLE,,0.02,0.02,lower_boundary,lower_boundary,0.7149758912667534,0.8575238499568374,0.8575238499568374,0.0,0.0,6.896943576099401,0.0,0.0,1.1056089078922216e-07,0.0,False,False,FLOATING_D_NOT_CERTIFIED_REGRET
20262008,M1_16,300,A_three_halves,secondary_boundary_or_transition,13.970539924721727,AVAILABLE,,0.02,0.02,lower_boundary,lower_boundary,0.8081128240982316,0.9506607827883156,0.9506607827883156,0.0,4.6568466415739085,11.55379021767331,0.0,0.0,1.1056089078922216e-07,0.0,False,False,FLOATING_D_NOT_CERTIFIED_REGRET
20262008,M1_16,3000,B_half,secondary_boundary_or_transition,0.48619093525492485,AVAILABLE,,0.2,0.2,upper_boundary,upper_boundary,0.19819772640814676,0.19553766073977313,0.19553766073977313,0.0,-0.48619093525492485,-0.3524224026374637,0.0,0.0,2.546207479389907e-07,0.0,False,False,FLOATING_D_NOT_CERTIFIED_REGRET
20262008,M1_16,3000,B_transition,secondary_boundary_or_transition,0.9723818705098497,AVAILABLE,,0.18400390625000002,0.2,upper_boundary,interior_grid,0.29429064040688,0.2940855362376357,0.2927758477907581,0.0013096884468776215,-0.16838231489350886,-0.0004541286816406309,0.16838231489350886,0.0004541286816406309,2.546207479389907e-07,0.0,True,False,FLOATING_D_NOT_CERTIFIED_REGRET
20262008,M1_16,3000,interior_quarter,primary_interior,3.0577097236693422,AVAILABLE,,0.10261718750000001,0.09106390413362532,interior,interior_grid,0.5746918763604556,0.5740778946371097,0.5717823130524995,0.0022955815846101846,0.38555790851240523,0.00029915865157503774,0.38555790851240523,0.00029915865157503774,2.546207479389907e-07,1.7394489966658385e-19,False,False,FLOATING_D_NOT_CERTIFIED_REGRET
20262008,M1_16,3000,interior_half,primary_interior,5.143037576828834,AVAILABLE,,0.02,0.05259262098465113,interior,lower_boundary,0.71406859780432,0.7741107358304578,0.7163464974857452,0.05776423834471256,-4.170655706318985,0.8179415044784522,4.170655706318985,0.0,2.546207479389907e-07,1.7394489966658385e-19,True,False,FLOATING_D_NOT_CERTIFIED_REGRET
20262008,M1_16,3000,interior_three_quarters,primary_interior,7.228365429988326,AVAILABLE,,0.02,0.032677022493444396,interior,lower_boundary,0.7557751548675098,0.8158172928936476,0.8034316653216095,0.012385627572038094,-2.0853278531594928,2.903269357637944,2.0853278531594928,0.0,2.546207479389907e-07,1.7394489966658385e-19,True,False,FLOATING_D_NOT_CERTIFIED_REGRET
20262008,M1_16,3000,A_transition,secondary_boundary_or_transition,9.313693283147819,AVAILABLE,,0.02,0.02,lower_boundary,lower_boundary,0.7974817119306996,0.8575238499568374,0.8575238499568374,0.0,0.0,4.988597210797437,0.0,0.0,2.546207479389907e-07,0.0,False,False,FLOATING_D_NOT_CERTIFIED_REGRET
20262008,M1_16,3000,A_three_halves,secondary_boundary_or_transition,13.970539924721727,AVAILABLE,,0.02,0.02,lower_boundary,lower_boundary,0.8906186447621778,0.9506607827883156,0.9506607827883156,0.0,4.6568466415739085,9.645443852371345,0.0,0.0,2.546207479389907e-07,0.0,False,False,FLOATING_D_NOT_CERTIFIED_REGRET
20262008,M2_16,300,B_half,secondary_boundary_or_transition,0.48619093525492485,AVAILABLE,,0.2,0.2,upper_boundary,upper_boundary,0.10046589447901336,0.19553766073977313,0.19553766073977313,0.0,-0.48619093525492485,-2.5264075755877213,0.0,0.0,1.0988893094714309e-07,0.0,False,False,FLOATING_D_NOT_CERTIFIED_REGRET
20262008,M2_16,300,B_transition,secondary_boundary_or_transition,0.9723818705098497,AVAILABLE,,0.2,0.2,upper_boundary,upper_boundary,0.19770408152999833,0.2927758477907581,0.2927758477907581,0.0,0.0,-2.0402166403327966,0.0,0.0,1.0988893094714309e-07,0.0,False,False,FLOATING_D_NOT_CERTIFIED_REGRET
20262008,M2_16,300,interior_quarter,primary_interior,3.0577097236693422,AVAILABLE,,0.02,0.09106390413362532,interior,lower_boundary,0.6052883456901184,0.7324041787672679,0.5717823130524995,0.16062186571476844,-6.2559835594784765,0.3643772569411836,6.2559835594784765,0.0,1.0988893094714309e-07,1.7394489966658385e-19,True,False,FLOATING_D_NOT_CERTIFIED_REGRET
20262008,M2_16,300,interior_half,primary_interior,5.143037576828834,AVAILABLE,,0.02,0.05259262098465113,interior,lower_boundary,0.6469949027533082,0.7741107358304578,0.7163464974857452,0.05776423834471256,-4.170655706318985,2.4497051101006755,4.170655706318985,0.0,1.0988893094714309e-07,1.7394489966658385e-19,True,False,FLOATING_D_NOT_CERTIFIED_REGRET
20262008,M2_16,300,interior_three_quarters,primary_interior,7.228365429988326,AVAILABLE,,0.02,0.032677022493444396,interior,lower_boundary,0.688701459816498,0.8158172928936476,0.8034316653216095,0.012385627572038094,-2.0853278531594928,4.535032963260168,2.0853278531594928,0.0,1.0988893094714309e-07,1.7394489966658385e-19,True,False,FLOATING_D_NOT_CERTIFIED_REGRET
20262008,M2_16,300,A_transition,secondary_boundary_or_transition,9.313693283147819,AVAILABLE,,0.02,0.02,lower_boundary,lower_boundary,0.7304080168796878,0.8575238499568374,0.8575238499568374,0.0,0.0,6.620360816419661,0.0,0.0,1.0988893094714309e-07,0.0,False,False,FLOATING_D_NOT_CERTIFIED_REGRET
20262008,M2_16,300,A_three_halves,secondary_boundary_or_transition,13.970539924721727,AVAILABLE,,0.02,0.02,lower_boundary,lower_boundary,0.823544949711166,0.9506607827883156,0.9506607827883156,0.0,4.6568466415739085,11.277207457993569,0.0,0.0,1.0988893094714309e-07,0.0,False,False,FLOATING_D_NOT_CERTIFIED_REGRET
20262008,M2_16,3000,B_half,secondary_boundary_or_transition,0.48619093525492485,AVAILABLE,,0.2,0.2,upper_boundary,upper_boundary,0.19366927195102598,0.19553766073977313,0.19553766073977313,0.0,-0.48619093525492485,-0.8137167756440217,0.0,0.0,4.104306613981225e-07,0.0,False,False,FLOATING_D_NOT_CERTIFIED_REGRET
20262008,M2_16,3000,B_transition,secondary_boundary_or_transition,0.9723818705098497,AVAILABLE,,0.2,0.2,upper_boundary,upper_boundary,0.290907459002011,0.2927758477907581,0.2927758477907581,0.0,0.0,-0.3275258403890968,0.0,0.0,4.104306613981225e-07,0.0,False,False,FLOATING_D_NOT_CERTIFIED_REGRET
20262008,M2_16,3000,interior_quarter,primary_interior,3.0577097236693422,AVAILABLE,,0.09119140625000001,0.09106390413362532,interior,interior_grid,0.5664509343408015,0.5717826103218451,0.5717823130524995,2.972693455838282e-07,0.004661308577679879,0.0020695275357147658,0.004661308577679879,0.0020695275357147658,4.104306613981225e-07,1.7394489966658385e-19,False,False,FLOATING_D_NOT_CERTIFIED_REGRET
20262008,M2_16,3000,interior_half,primary_interior,5.143037576828834,AVAILABLE,,0.05673828125000001,0.05259262098465113,interior,interior_grid,0.7176542553371257,0.7170122502621337,0.7163464974857452,0.000665752776388473,0.31596971999270806,-0.0011096720080274736,0.31596971999270806,0.0011096720080274736,4.104306613981225e-07,1.7394489966658385e-19,False,False,FLOATING_D_NOT_CERTIFIED_REGRET
20262008,M2_16,3000,interior_three_quarters,primary_interior,7.228365429988326,AVAILABLE,,0.0308984375,0.032677022493444396,interior,interior_grid,0.8088163636607598,0.803649983642227,0.8034316653216095,0.00021831832061747214,-0.24760845261081776,-0.005951048357601962,0.24760845261081776,0.005951048357601962,4.104306613981225e-07,1.7394489966658385e-19,False,False,FLOATING_D_NOT_CERTIFIED_REGRET
20262008,M2_16,3000,A_transition,secondary_boundary_or_transition,9.313693283147819,AVAILABLE,,0.02,0.02,lower_boundary,lower_boundary,0.8551672500528482,0.8575238499568374,0.8575238499568374,0.0,0.0,1.2610020047183568,0.0,0.0,4.104306613981225e-07,0.0,False,False,FLOATING_D_NOT_CERTIFIED_REGRET
20262008,M2_16,3000,A_three_halves,secondary_boundary_or_transition,13.970539924721727,AVAILABLE,,0.02,0.02,lower_boundary,lower_boundary,0.9483041828843264,0.9506607827883156,0.9506607827883156,0.0,4.6568466415739085,5.917848646292265,0.0,0.0,4.104306613981225e-07,0.0,False,False,FLOATING_D_NOT_CERTIFIED_REGRET
20262008,M1_32,300,B_half,secondary_boundary_or_transition,0.48619093525492485,AVAILABLE,,0.2,0.2,upper_boundary,upper_boundary,0.11896239029607528,0.19553766073977313,0.19553766073977313,0.0,-0.48619093525492485,-2.4433351934182466,0.0,0.0,1.1056723126494271e-07,0.0,False,False,FLOATING_D_NOT_CERTIFIED_REGRET
20262008,M1_32,300,B_transition,secondary_boundary_or_transition,0.9723818705098497,AVAILABLE,,0.2,0.2,upper_boundary,upper_boundary,0.21620057734706025,0.2927758477907581,0.2927758477907581,0.0,0.0,-1.9571442581633216,0.0,0.0,1.1056723126494271e-07,0.0,False,False,FLOATING_D_NOT_CERTIFIED_REGRET
20262008,M1_32,300,interior_quarter,primary_interior,3.0577097236693422,AVAILABLE,,0.02,0.09106390413362532,interior,lower_boundary,0.5903927985806544,0.7324041787672679,0.5717823130524995,0.16062186571476844,-6.2559835594784765,0.6373044290375778,6.2559835594784765,0.0,1.1056723126494271e-07,1.7394489966658385e-19,True,False,FLOATING_D_NOT_CERTIFIED_REGRET
20262008,M1_32,300,interior_half,primary_interior,5.143037576828834,AVAILABLE,,0.02,0.05259262098465113,interior,lower_boundary,0.6320993556438442,0.7741107358304578,0.7163464974857452,0.05776423834471256,-4.170655706318985,2.7226322821970697,4.170655706318985,0.0,1.1056723126494271e-07,1.7394489966658385e-19,True,False,FLOATING_D_NOT_CERTIFIED_REGRET
20262008,M1_32,300,interior_three_quarters,primary_interior,7.228365429988326,AVAILABLE,,0.02,0.032677022493444396,interior,lower_boundary,0.673805912707034,0.8158172928936476,0.8034316653216095,0.012385627572038094,-2.0853278531594928,4.807960135356561,2.0853278531594928,0.0,1.1056723126494271e-07,1.7394489966658385e-19,True,False,FLOATING_D_NOT_CERTIFIED_REGRET
20262008,M1_32,300,A_transition,secondary_boundary_or_transition,9.313693283147819,AVAILABLE,,0.02,0.02,lower_boundary,lower_boundary,0.7155124697702239,0.8575238499568374,0.8575238499568374,0.0,0.0,6.893287988516054,0.0,0.0,1.1056723126494271e-07,0.0,False,False,FLOATING_D_NOT_CERTIFIED_REGRET
20262008,M1_32,300,A_three_halves,secondary_boundary_or_transition,13.970539924721727,AVAILABLE,,0.02,0.02,lower_boundary,lower_boundary,0.8086494026017021,0.9506607827883156,0.9506607827883156,0.0,4.6568466415739085,11.550134630089962,0.0,0.0,1.1056723126494271e-07,0.0,False,False,FLOATING_D_NOT_CERTIFIED_REGRET
20262008,M1_32,3000,B_half,secondary_boundary_or_transition,0.48619093525492485,AVAILABLE,,0.2,0.2,upper_boundary,upper_boundary,0.1985606713184671,0.19553766073977313,0.19553766073977313,0.0,-0.48619093525492485,-0.3498815791382761,0.0,0.0,2.5709313304899404e-07,0.0,False,False,FLOATING_D_NOT_CERTIFIED_REGRET
20262008,M1_32,3000,B_transition,secondary_boundary_or_transition,0.9723818705098497,AVAILABLE,,0.1834765625,0.2,upper_boundary,interior_grid,0.2945904481601506,0.2941759227776926,0.2927758477907581,0.0014000749869345075,-0.1744225496165719,-0.0006172671358196657,0.1744225496165719,0.0006172671358196657,2.5709313304899404e-07,0.0,True,False,FLOATING_D_NOT_CERTIFIED_REGRET
20262008,M1_32,3000,interior_quarter,primary_interior,3.0577097236693422,AVAILABLE,,0.10244140625000002,0.09106390413362532,interior,interior_grid,0.5741730997011475,0.5740105915085834,0.5717823130524995,0.0022282784560838653,0.38019975231444203,0.00048200521227448334,0.38019975231444203,0.00048200521227448334,2.5709313304899404e-07,1.7394489966658385e-19,False,False,FLOATING_D_NOT_CERTIFIED_REGRET
20262008,M1_32,3000,interior_half,primary_interior,5.143037576828834,AVAILABLE,,0.02,0.05259262098465113,interior,lower_boundary,0.7164020597113264,0.7741107358304578,0.7163464974857452,0.05776423834471256,-4.170655706318985,0.7419853933405491,4.170655706318985,0.0,2.5709313304899404e-07,1.7394489966658385e-19,True,False,FLOATING_D_NOT_CERTIFIED_REGRET
20262008,M1_32,3000,interior_three_quarters,primary_interior,7.228365429988326,AVAILABLE,,0.02,0.032677022493444396,interior,lower_boundary,0.7581086167745162,0.8158172928936476,0.8034316653216095,0.012385627572038094,-2.0853278531594928,2.827313246500041,2.0853278531594928,0.0,2.5709313304899404e-07,1.7394489966658385e-19,True,False,FLOATING_D_NOT_CERTIFIED_REGRET
20262008,M1_32,3000,A_transition,secondary_boundary_or_transition,9.313693283147819,AVAILABLE,,0.02,0.02,lower_boundary,lower_boundary,0.7998151738377061,0.8575238499568374,0.8575238499568374,0.0,0.0,4.912641099659534,0.0,0.0,2.5709313304899404e-07,0.0,False,False,FLOATING_D_NOT_CERTIFIED_REGRET
20262008,M1_32,3000,A_three_halves,secondary_boundary_or_transition,13.970539924721727,AVAILABLE,,0.02,0.02,lower_boundary,lower_boundary,0.8929521066691843,0.9506607827883156,0.9506607827883156,0.0,4.6568466415739085,9.569487741233441,0.0,0.0,2.5709313304899404e-07,0.0,False,False,FLOATING_D_NOT_CERTIFIED_REGRET
20262009,M1_16,300,B_half,secondary_boundary_or_transition,0.48619093525492485,AVAILABLE,,0.2,0.2,upper_boundary,upper_boundary,0.12637035854453296,0.19553766073977313,0.19553766073977313,0.0,-0.48619093525492485,-1.8799134650360556,0.0,0.0,2.3574549206634016e-07,0.0,False,False,FLOATING_D_NOT_CERTIFIED_REGRET
20262009,M1_16,300,B_transition,secondary_boundary_or_transition,0.9723818705098497,AVAILABLE,,0.2,0.2,upper_boundary,upper_boundary,0.22360854559551793,0.2927758477907581,0.2927758477907581,0.0,0.0,-1.3937225297811306,0.0,0.0,2.3574549206634016e-07,0.0,False,False,FLOATING_D_NOT_CERTIFIED_REGRET
20262009,M1_16,300,interior_quarter,primary_interior,3.0577097236693422,AVAILABLE,,0.02,0.09106390413362532,interior,lower_boundary,0.5762886613317153,0.7324041787672679,0.5717823130524995,0.16062186571476844,-6.2559835594784765,1.334498382955823,6.2559835594784765,0.0,2.3574549206634016e-07,1.7394489966658385e-19,True,False,FLOATING_D_NOT_CERTIFIED_REGRET
20262009,M1_16,300,interior_half,primary_interior,5.143037576828834,AVAILABLE,,0.02,0.05259262098465113,interior,lower_boundary,0.6179952183949051,0.7741107358304578,0.7163464974857452,0.05776423834471256,-4.170655706318985,3.419826236115315,4.170655706318985,0.0,2.3574549206634016e-07,1.7394489966658385e-19,True,False,FLOATING_D_NOT_CERTIFIED_REGRET
20262009,M1_16,300,interior_three_quarters,primary_interior,7.228365429988326,AVAILABLE,,0.02,0.032677022493444396,interior,lower_boundary,0.6597017754580949,0.8158172928936476,0.8034316653216095,0.012385627572038094,-2.0853278531594928,5.505154089274807,2.0853278531594928,0.0,2.3574549206634016e-07,1.7394489966658385e-19,True,False,FLOATING_D_NOT_CERTIFIED_REGRET
20262009,M1_16,300,A_transition,secondary_boundary_or_transition,9.313693283147819,AVAILABLE,,0.02,0.02,lower_boundary,lower_boundary,0.7014083325212848,0.8575238499568374,0.8575238499568374,0.0,0.0,7.5904819424343,0.0,0.0,2.3574549206634016e-07,0.0,False,False,FLOATING_D_NOT_CERTIFIED_REGRET
20262009,M1_16,300,A_three_halves,secondary_boundary_or_transition,13.970539924721727,AVAILABLE,,0.02,0.02,lower_boundary,lower_boundary,0.7945452653527629,0.9506607827883156,0.9506607827883156,0.0,4.6568466415739085,12.247328584008208,0.0,0.0,2.3574549206634016e-07,0.0,False,False,FLOATING_D_NOT_CERTIFIED_REGRET
20262009,M1_16,3000,B_half,secondary_boundary_or_transition,0.48619093525492485,AVAILABLE,,0.2,0.2,upper_boundary,upper_boundary,0.20000544958392244,0.19553766073977313,0.19553766073977313,0.0,-0.48619093525492485,-0.3988747556709713,0.0,0.0,3.341974757166912e-07,0.0,False,False,FLOATING_D_NOT_CERTIFIED_REGRET
20262009,M1_16,3000,B_transition,secondary_boundary_or_transition,0.9723818705098497,AVAILABLE,,0.18013671875,0.2,upper_boundary,interior_grid,0.2961337759620997,0.2948232778285701,0.2927758477907581,0.0020474300378119925,-0.21346091333764394,-8.455627338221916e-05,0.21346091333764394,8.455627338221916e-05,3.341974757166912e-07,0.0,True,False,FLOATING_D_NOT_CERTIFIED_REGRET
20262009,M1_16,3000,interior_quarter,primary_interior,3.0577097236693422,AVAILABLE,,0.10261718750000001,0.09106390413362532,interior,interior_grid,0.5738342033470791,0.5740778946371097,0.5717823130524995,0.0022955815846101846,0.38555790851240523,-0.002948888495899027,0.38555790851240523,0.002948888495899027,3.341974757166912e-07,1.7394489966658385e-19,False,False,FLOATING_D_NOT_CERTIFIED_REGRET
20262009,M1_16,3000,interior_half,primary_interior,5.143037576828834,AVAILABLE,,0.02,0.05259262098465113,interior,lower_boundary,0.7244619416130245,0.7741107358304578,0.7163464974857452,0.05776423834471256,-4.170655706318985,0.03212327034671336,4.170655706318985,0.0,3.341974757166912e-07,1.7394489966658385e-19,True,False,FLOATING_D_NOT_CERTIFIED_REGRET
20262009,M1_16,3000,interior_three_quarters,primary_interior,7.228365429988326,AVAILABLE,,0.02,0.032677022493444396,interior,lower_boundary,0.7661684986762143,0.8158172928936476,0.8034316653216095,0.012385627572038094,-2.0853278531594928,2.1174511235062052,2.0853278531594928,0.0,3.341974757166912e-07,1.7394489966658385e-19,True,False,FLOATING_D_NOT_CERTIFIED_REGRET
20262009,M1_16,3000,A_transition,secondary_boundary_or_transition,9.313693283147819,AVAILABLE,,0.02,0.02,lower_boundary,lower_boundary,0.8078750557394041,0.8575238499568374,0.8575238499568374,0.0,0.0,4.202778976665698,0.0,0.0,3.341974757166912e-07,0.0,False,False,FLOATING_D_NOT_CERTIFIED_REGRET
20262009,M1_16,3000,A_three_halves,secondary_boundary_or_transition,13.970539924721727,AVAILABLE,,0.02,0.02,lower_boundary,lower_boundary,0.9010119885708823,0.9506607827883156,0.9506607827883156,0.0,4.6568466415739085,8.859625618239606,0.0,0.0,3.341974757166912e-07,0.0,False,False,FLOATING_D_NOT_CERTIFIED_REGRET
20262009,M2_16,300,B_half,secondary_boundary_or_transition,0.48619093525492485,AVAILABLE,,0.2,0.2,upper_boundary,upper_boundary,0.1165487046229757,0.19553766073977313,0.19553766073977313,0.0,-0.48619093525492485,-1.7041027872094414,0.0,0.0,2.3174196210861832e-07,0.0,False,False,FLOATING_D_NOT_CERTIFIED_REGRET
20262009,M2_16,300,B_transition,secondary_boundary_or_transition,0.9723818705098497,AVAILABLE,,0.2,0.2,upper_boundary,upper_boundary,0.21378689167396067,0.2927758477907581,0.2927758477907581,0.0,0.0,-1.2179118519545165,0.0,0.0,2.3174196210861832e-07,0.0,False,False,FLOATING_D_NOT_CERTIFIED_REGRET
20262009,M2_16,300,interior_quarter,primary_interior,3.0577097236693422,AVAILABLE,,0.1391796875,0.09106390413362532,interior,interior_grid,0.6059838810291387,0.6054192601209526,0.5717823130524995,0.033636947068453105,1.25834729221903,-0.0003209052318444705,1.25834729221903,0.0003209052318444705,2.3174196210861832e-07,1.7394489966658385e-19,False,False,FLOATING_D_NOT_CERTIFIED_REGRET
20262009,M2_16,300,interior_half,primary_interior,5.143037576828834,AVAILABLE,,0.02,0.05259262098465113,interior,lower_boundary,0.6544742165568356,0.7741107358304578,0.7163464974857452,0.05776423834471256,-4.170655706318985,2.537538853429392,4.170655706318985,0.0,2.3174196210861832e-07,1.7394489966658385e-19,True,False,FLOATING_D_NOT_CERTIFIED_REGRET
20262009,M2_16,300,interior_three_quarters,primary_interior,7.228365429988326,AVAILABLE,,0.02,0.032677022493444396,interior,lower_boundary,0.6961807736200254,0.8158172928936476,0.8034316653216095,0.012385627572038094,-2.0853278531594928,4.6228667065888835,2.0853278531594928,0.0,2.3174196210861832e-07,1.7394489966658385e-19,True,False,FLOATING_D_NOT_CERTIFIED_REGRET
20262009,M2_16,300,A_transition,secondary_boundary_or_transition,9.313693283147819,AVAILABLE,,0.02,0.02,lower_boundary,lower_boundary,0.7378873306832152,0.8575238499568374,0.8575238499568374,0.0,0.0,6.708194559748376,0.0,0.0,2.3174196210861832e-07,0.0,False,False,FLOATING_D_NOT_CERTIFIED_REGRET
20262009,M2_16,300,A_three_halves,secondary_boundary_or_transition,13.970539924721727,AVAILABLE,,0.02,0.02,lower_boundary,lower_boundary,0.8310242635146934,0.9506607827883156,0.9506607827883156,0.0,4.6568466415739085,11.365041201322285,0.0,0.0,2.3174196210861832e-07,0.0,False,False,FLOATING_D_NOT_CERTIFIED_REGRET
20262009,M2_16,3000,B_half,secondary_boundary_or_transition,0.48619093525492485,AVAILABLE,,0.2,0.2,upper_boundary,upper_boundary,0.19090019354952537,0.19553766073977313,0.19553766073977313,0.0,-0.48619093525492485,-1.2606619241376413,0.0,0.0,3.487704816134943e-07,0.0,False,False,FLOATING_D_NOT_CERTIFIED_REGRET
20262009,M2_16,3000,B_transition,secondary_boundary_or_transition,0.9723818705098497,AVAILABLE,,0.2,0.2,upper_boundary,upper_boundary,0.28813838060051034,0.2927758477907581,0.2927758477907581,0.0,0.0,-0.7744709888827166,0.0,0.0,3.487704816134943e-07,0.0,False,False,FLOATING_D_NOT_CERTIFIED_REGRET
20262009,M2_16,3000,interior_quarter,primary_interior,3.0577097236693422,AVAILABLE,,0.09523437500000001,0.09106390413362532,interior,interior_grid,0.5616181534786855,0.5720933491447824,0.5717823130524995,0.0003110360922828903,0.1474725343957255,-0.0013508147269560844,0.1474725343957255,0.0013508147269560844,3.487704816134943e-07,1.7394489966658385e-19,False,False,FLOATING_D_NOT_CERTIFIED_REGRET
20262009,M2_16,3000,interior_half,primary_interior,5.143037576828834,AVAILABLE,,0.06025390625,0.05259262098465113,interior,interior_grid,0.7231890068845563,0.7185593526203453,0.7163464974857452,0.0022128551346001224,0.5608543705821143,0.004871528068583153,0.5608543705821143,0.004871528068583153,3.487704816134943e-07,1.7394489966658385e-19,False,False,FLOATING_D_NOT_CERTIFIED_REGRET
20262009,M2_16,3000,interior_three_quarters,primary_interior,7.228365429988326,AVAILABLE,,0.02,0.032677022493444396,interior,lower_boundary,0.808178265739282,0.8158172928936476,0.8034316653216095,0.012385627572038094,-2.0853278531594928,0.08575659776178224,2.0853278531594928,0.0,3.487704816134943e-07,1.7394489966658385e-19,True,False,FLOATING_D_NOT_CERTIFIED_REGRET
20262009,M2_16,3000,A_transition,secondary_boundary_or_transition,9.313693283147819,AVAILABLE,,0.02,0.02,lower_boundary,lower_boundary,0.8498848228024718,0.8575238499568374,0.8575238499568374,0.0,0.0,2.171084450921275,0.0,0.0,3.487704816134943e-07,0.0,False,False,FLOATING_D_NOT_CERTIFIED_REGRET
20262009,M2_16,3000,A_three_halves,secondary_boundary_or_transition,13.970539924721727,AVAILABLE,,0.02,0.02,lower_boundary,lower_boundary,0.94302175563395,0.9506607827883156,0.9506607827883156,0.0,4.6568466415739085,6.8279310924951835,0.0,0.0,3.487704816134943e-07,0.0,False,False,FLOATING_D_NOT_CERTIFIED_REGRET
20262009,M1_32,300,B_half,secondary_boundary_or_transition,0.48619093525492485,AVAILABLE,,0.2,0.2,upper_boundary,upper_boundary,0.12613406459452664,0.19553766073977313,0.19553766073977313,0.0,-0.48619093525492485,-1.884141306025139,0.0,0.0,2.3570776371636435e-07,0.0,False,False,FLOATING_D_NOT_CERTIFIED_REGRET
20262009,M1_32,300,B_transition,secondary_boundary_or_transition,0.9723818705098497,AVAILABLE,,0.2,0.2,upper_boundary,upper_boundary,0.2233722516455116,0.2927758477907581,0.2927758477907581,0.0,0.0,-1.3979503707702141,0.0,0.0,2.3570776371636435e-07,0.0,False,False,FLOATING_D_NOT_CERTIFIED_REGRET
20262009,M1_32,300,interior_quarter,primary_interior,3.0577097236693422,AVAILABLE,,0.02,0.09106390413362532,interior,lower_boundary,0.5769542068998966,0.7324041787672679,0.5717823130524995,0.16062186571476844,-6.2559835594784765,1.328468140550511,6.2559835594784765,0.0,2.3570776371636435e-07,1.7394489966658385e-19,True,False,FLOATING_D_NOT_CERTIFIED_REGRET
20262009,M1_32,300,interior_half,primary_interior,5.143037576828834,AVAILABLE,,0.02,0.05259262098465113,interior,lower_boundary,0.6186607639630864,0.7741107358304578,0.7163464974857452,0.05776423834471256,-4.170655706318985,3.4137959937100026,4.170655706318985,0.0,2.3570776371636435e-07,1.7394489966658385e-19,True,False,FLOATING_D_NOT_CERTIFIED_REGRET
20262009,M1_32,300,interior_three_quarters,primary_interior,7.228365429988326,AVAILABLE,,0.02,0.032677022493444396,interior,lower_boundary,0.6603673210262763,0.8158172928936476,0.8034316653216095,0.012385627572038094,-2.0853278531594928,5.4991238468694945,2.0853278531594928,0.0,2.3570776371636435e-07,1.7394489966658385e-19,True,False,FLOATING_D_NOT_CERTIFIED_REGRET
20262009,M1_32,300,A_transition,secondary_boundary_or_transition,9.313693283147819,AVAILABLE,,0.02,0.02,lower_boundary,lower_boundary,0.7020738780894661,0.8575238499568374,0.8575238499568374,0.0,0.0,7.584451700028987,0.0,0.0,2.3570776371636435e-07,0.0,False,False,FLOATING_D_NOT_CERTIFIED_REGRET
20262009,M1_32,300,A_three_halves,secondary_boundary_or_transition,13.970539924721727,AVAILABLE,,0.02,0.02,lower_boundary,lower_boundary,0.7952108109209444,0.9506607827883156,0.9506607827883156,0.0,4.6568466415739085,12.241298341602896,0.0,0.0,2.3570776371636435e-07,0.0,False,False,FLOATING_D_NOT_CERTIFIED_REGRET
20262009,M1_32,3000,B_half,secondary_boundary_or_transition,0.48619093525492485,AVAILABLE,,0.2,0.2,upper_boundary,upper_boundary,0.199627957324661,0.19553766073977313,0.19553766073977313,0.0,-0.48619093525492485,-0.43252852971327294,0.0,0.0,3.358056480100272e-07,0.0,False,False,FLOATING_D_NOT_CERTIFIED_REGRET
20262009,M1_32,3000,B_transition,secondary_boundary_or_transition,0.9723818705098497,AVAILABLE,,0.182421875,0.2,upper_boundary,interior_grid,0.29622688444311074,0.29436629570528194,0.2927758477907581,0.0015904479145238404,-0.18660330916478296,0.00034517332073213947,0.18660330916478296,0.00034517332073213947,3.358056480100272e-07,0.0,True,False,FLOATING_D_NOT_CERTIFIED_REGRET
20262009,M1_32,3000,interior_quarter,primary_interior,3.0577097236693422,AVAILABLE,,0.10244140625000002,0.09106390413362532,interior,interior_grid,0.5734745280107765,0.5740105915085834,0.5717823130524995,0.0022282784560838653,0.38019975231444203,-0.0021279636328839224,0.38019975231444203,0.0021279636328839224,3.358056480100272e-07,1.7394489966658385e-19,False,False,FLOATING_D_NOT_CERTIFIED_REGRET
20262009,M1_32,3000,interior_half,primary_interior,5.143037576828834,AVAILABLE,,0.0273828125,0.05259262098465113,interior,interior_grid,0.7260705274413569,0.7483318352288857,0.7163464974857452,0.031985337743140496,-2.861690595830969,-0.000529442408145897,2.861690595830969,0.000529442408145897,3.358056480100272e-07,1.7394489966658385e-19,False,False,FLOATING_D_NOT_CERTIFIED_REGRET
20262009,M1_32,3000,interior_three_quarters,primary_interior,7.228365429988326,AVAILABLE,,0.02,0.032677022493444396,interior,lower_boundary,0.7679092556911591,0.8158172928936476,0.8034316653216095,0.012385627572038094,-2.0853278531594928,2.0557506440975866,2.0853278531594928,0.0,3.358056480100272e-07,1.7394489966658385e-19,True,False,FLOATING_D_NOT_CERTIFIED_REGRET
20262009,M1_32,3000,A_transition,secondary_boundary_or_transition,9.313693283147819,AVAILABLE,,0.02,0.02,lower_boundary,lower_boundary,0.8096158127543489,0.8575238499568374,0.8575238499568374,0.0,0.0,4.141078497257079,0.0,0.0,3.358056480100272e-07,0.0,False,False,FLOATING_D_NOT_CERTIFIED_REGRET
20262009,M1_32,3000,A_three_halves,secondary_boundary_or_transition,13.970539924721727,AVAILABLE,,0.02,0.02,lower_boundary,lower_boundary,0.9027527455858271,0.9506607827883156,0.9506607827883156,0.0,4.6568466415739085,8.797925138830987,0.0,0.0,3.358056480100272e-07,0.0,False,False,FLOATING_D_NOT_CERTIFIED_REGRET
20262010,M1_16,300,B_half,secondary_boundary_or_transition,0.48619093525492485,AVAILABLE,,0.2,0.2,upper_boundary,upper_boundary,0.11909531796832223,0.19553766073977313,0.19553766073977313,0.0,-0.48619093525492485,-2.214618592221105,0.0,0.0,2.1594793490644142e-07,0.0,False,False,FLOATING_D_NOT_CERTIFIED_REGRET
20262010,M1_16,300,B_transition,secondary_boundary_or_transition,0.9723818705098497,AVAILABLE,,0.2,0.2,upper_boundary,upper_boundary,0.2163335050193072,0.2927758477907581,0.2927758477907581,0.0,0.0,-1.7284276569661798,0.0,0.0,2.1594793490644142e-07,0.0,False,False,FLOATING_D_NOT_CERTIFIED_REGRET
20262010,M1_16,300,interior_quarter,primary_interior,3.0577097236693422,AVAILABLE,,0.02,0.09106390413362532,interior,lower_boundary,0.576256157597983,0.7324041787672679,0.5717823130524995,0.16062186571476844,-6.2559835594784765,1.2252473456405482,6.2559835594784765,0.0,2.1594793490644142e-07,1.7394489966658385e-19,True,False,FLOATING_D_NOT_CERTIFIED_REGRET
20262010,M1_16,300,interior_half,primary_interior,5.143037576828834,AVAILABLE,,0.02,0.05259262098465113,interior,lower_boundary,0.6179627146611728,0.7741107358304578,0.7163464974857452,0.05776423834471256,-4.170655706318985,3.31057519880004,4.170655706318985,0.0,2.1594793490644142e-07,1.7394489966658385e-19,True,False,FLOATING_D_NOT_CERTIFIED_REGRET
20262010,M1_16,300,interior_three_quarters,primary_interior,7.228365429988326,AVAILABLE,,0.02,0.032677022493444396,interior,lower_boundary,0.6596692717243626,0.8158172928936476,0.8034316653216095,0.012385627572038094,-2.0853278531594928,5.395903051959532,2.0853278531594928,0.0,2.1594793490644142e-07,1.7394489966658385e-19,True,False,FLOATING_D_NOT_CERTIFIED_REGRET
20262010,M1_16,300,A_transition,secondary_boundary_or_transition,9.313693283147819,AVAILABLE,,0.02,0.02,lower_boundary,lower_boundary,0.7013758287875524,0.8575238499568374,0.8575238499568374,0.0,0.0,7.481230905119025,0.0,0.0,2.1594793490644142e-07,0.0,False,False,FLOATING_D_NOT_CERTIFIED_REGRET
20262010,M1_16,300,A_three_halves,secondary_boundary_or_transition,13.970539924721727,AVAILABLE,,0.02,0.02,lower_boundary,lower_boundary,0.7945127616190306,0.9506607827883156,0.9506607827883156,0.0,4.6568466415739085,12.138077546692934,0.0,0.0,2.1594793490644142e-07,0.0,False,False,FLOATING_D_NOT_CERTIFIED_REGRET
20262010,M1_16,3000,B_half,secondary_boundary_or_transition,0.48619093525492485,AVAILABLE,,0.2,0.2,upper_boundary,upper_boundary,0.17887212167761368,0.19553766073977313,0.19553766073977313,0.0,-0.48619093525492485,-1.7611000992401595,0.0,0.0,5.301806196176914e-07,0.0,False,False,FLOATING_D_NOT_CERTIFIED_REGRET
20262010,M1_16,3000,B_transition,secondary_boundary_or_transition,0.9723818705098497,AVAILABLE,,0.2,0.2,upper_boundary,upper_boundary,0.27611030872859865,0.2927758477907581,0.2927758477907581,0.0,0.0,-1.2749091639852346,0.0,0.0,5.301806196176914e-07,0.0,False,False,FLOATING_D_NOT_CERTIFIED_REGRET
20262010,M1_16,3000,interior_quarter,primary_interior,3.0577097236693422,AVAILABLE,,0.09664062500000001,0.09106390413362532,interior,interior_grid,0.565809614221638,0.5723342628221699,0.5717823130524995,0.0005519497696704345,0.19498144209399682,-0.0008462779178133317,0.19498144209399682,0.0008462779178133317,5.301806196176914e-07,1.7394489966658385e-19,False,False,FLOATING_D_NOT_CERTIFIED_REGRET
20262010,M1_16,3000,interior_half,primary_interior,5.143037576828834,AVAILABLE,,0.054804687500000004,0.05259262098465113,interior,interior_grid,0.727265211879423,0.7165389611048687,0.7163464974857452,0.0001924636191235063,0.17248124607232107,-0.0018983970740222844,0.17248124607232107,0.0018983970740222844,5.301806196176914e-07,1.7394489966658385e-19,False,False,FLOATING_D_NOT_CERTIFIED_REGRET
20262010,M1_16,3000,interior_three_quarters,primary_interior,7.228365429988326,AVAILABLE,,0.02,0.032677022493444396,interior,lower_boundary,0.7820500437491422,0.8158172928936476,0.8034316653216095,0.012385627572038094,-2.0853278531594928,1.5398244916102986,2.0853278531594928,0.0,5.301806196176914e-07,1.7394489966658385e-19,True,False,FLOATING_D_NOT_CERTIFIED_REGRET
20262010,M1_16,3000,A_transition,secondary_boundary_or_transition,9.313693283147819,AVAILABLE,,0.02,0.02,lower_boundary,lower_boundary,0.823756600812332,0.8575238499568374,0.8575238499568374,0.0,0.0,3.6251523447697913,0.0,0.0,5.301806196176914e-07,0.0,False,False,FLOATING_D_NOT_CERTIFIED_REGRET
20262010,M1_16,3000,A_three_halves,secondary_boundary_or_transition,13.970539924721727,AVAILABLE,,0.02,0.02,lower_boundary,lower_boundary,0.9168935336438102,0.9506607827883156,0.9506607827883156,0.0,4.6568466415739085,8.2819989863437,0.0,0.0,5.301806196176914e-07,0.0,False,False,FLOATING_D_NOT_CERTIFIED_REGRET
20262010,M2_16,300,B_half,secondary_boundary_or_transition,0.48619093525492485,AVAILABLE,,0.2,0.2,upper_boundary,upper_boundary,0.09948749733157841,0.19553766073977313,0.19553766073977313,0.0,-0.48619093525492485,-2.6226492089010485,0.0,0.0,1.8401429311308525e-07,0.0,False,False,FLOATING_D_NOT_CERTIFIED_REGRET
20262010,M2_16,300,B_transition,secondary_boundary_or_transition,0.9723818705098497,AVAILABLE,,0.2,0.2,upper_boundary,upper_boundary,0.19672568438256338,0.2927758477907581,0.2927758477907581,0.0,0.0,-2.1364582736461237,0.0,0.0,1.8401429311308525e-07,0.0,False,False,FLOATING_D_NOT_CERTIFIED_REGRET
20262010,M2_16,300,interior_quarter,primary_interior,3.0577097236693422,AVAILABLE,,0.02,0.09106390413362532,interior,lower_boundary,0.6048337353044135,0.7324041787672679,0.5717823130524995,0.16062186571476844,-6.2559835594784765,0.18373343127087738,6.2559835594784765,0.0,1.8401429311308525e-07,1.7394489966658385e-19,True,False,FLOATING_D_NOT_CERTIFIED_REGRET
20262010,M2_16,300,interior_half,primary_interior,5.143037576828834,AVAILABLE,,0.02,0.05259262098465113,interior,lower_boundary,0.6465402923676034,0.7741107358304578,0.7163464974857452,0.05776423834471256,-4.170655706318985,2.2690612844303693,4.170655706318985,0.0,1.8401429311308525e-07,1.7394489966658385e-19,True,False,FLOATING_D_NOT_CERTIFIED_REGRET
20262010,M2_16,300,interior_three_quarters,primary_interior,7.228365429988326,AVAILABLE,,0.02,0.032677022493444396,interior,lower_boundary,0.6882468494307932,0.8158172928936476,0.8034316653216095,0.012385627572038094,-2.0853278531594928,4.354389137589861,2.0853278531594928,0.0,1.8401429311308525e-07,1.7394489966658385e-19,True,False,FLOATING_D_NOT_CERTIFIED_REGRET
20262010,M2_16,300,A_transition,secondary_boundary_or_transition,9.313693283147819,AVAILABLE,,0.02,0.02,lower_boundary,lower_boundary,0.729953406493983,0.8575238499568374,0.8575238499568374,0.0,0.0,6.439716990749353,0.0,0.0,1.8401429311308525e-07,0.0,False,False,FLOATING_D_NOT_CERTIFIED_REGRET
20262010,M2_16,300,A_three_halves,secondary_boundary_or_transition,13.970539924721727,AVAILABLE,,0.02,0.02,lower_boundary,lower_boundary,0.8230903393254612,0.9506607827883156,0.9506607827883156,0.0,4.6568466415739085,11.096563632323262,0.0,0.0,1.8401429311308525e-07,0.0,False,False,FLOATING_D_NOT_CERTIFIED_REGRET
20262010,M2_16,3000,B_half,secondary_boundary_or_transition,0.48619093525492485,AVAILABLE,,0.2,0.2,upper_boundary,upper_boundary,0.1914993085497948,0.19553766073977313,0.19553766073977313,0.0,-0.48619093525492485,-1.2965041995393682,0.0,0.0,3.668760410646099e-07,0.0,False,False,FLOATING_D_NOT_CERTIFIED_REGRET
20262010,M2_16,3000,B_transition,secondary_boundary_or_transition,0.9723818705098497,AVAILABLE,,0.2,0.2,upper_boundary,upper_boundary,0.28873749560077977,0.2927758477907581,0.2927758477907581,0.0,0.0,-0.8103132642844435,0.0,0.0,3.668760410646099e-07,0.0,False,False,FLOATING_D_NOT_CERTIFIED_REGRET
20262010,M2_16,3000,interior_quarter,primary_interior,3.0577097236693422,AVAILABLE,,0.09576171875000002,0.09106390413362532,interior,interior_grid,0.561947803018666,0.5721758553023144,0.5717823130524995,0.0003935422498149155,0.1654142841327486,0.0037116645190486963,0.1654142841327486,0.0037116645190486963,3.668760410646099e-07,1.7394489966658385e-19,False,False,FLOATING_D_NOT_CERTIFIED_REGRET
20262010,M2_16,3000,interior_half,primary_interior,5.143037576828834,AVAILABLE,,0.05972656250000001,0.05259262098465113,interior,interior_grid,0.7232773527343948,0.718272927329634,0.7163464974857452,0.0019264298438887995,0.5253692283535942,0.0017478900119476393,0.5253692283535942,0.0017478900119476393,3.668760410646099e-07,1.7394489966658385e-19,False,False,FLOATING_D_NOT_CERTIFIED_REGRET
20262010,M2_16,3000,interior_three_quarters,primary_interior,7.228365429988326,AVAILABLE,,0.02052734375,0.032677022493444396,interior,interior_grid,0.8088424415002278,0.8147449994437361,0.8034316653216095,0.01131333412212665,-1.981726424471038,0.000852224633020704,1.981726424471038,0.000852224633020704,3.668760410646099e-07,1.7394489966658385e-19,False,False,FLOATING_D_NOT_CERTIFIED_REGRET
20262010,M2_16,3000,A_transition,secondary_boundary_or_transition,9.313693283147819,AVAILABLE,,0.02,0.02,lower_boundary,lower_boundary,0.8505547050023523,0.8575238499568374,0.8575238499568374,0.0,0.0,2.0628595260859592,0.0,0.0,3.668760410646099e-07,0.0,False,False,FLOATING_D_NOT_CERTIFIED_REGRET
20262010,M2_16,3000,A_three_halves,secondary_boundary_or_transition,13.970539924721727,AVAILABLE,,0.02,0.02,lower_boundary,lower_boundary,0.9436916378338305,0.9506607827883156,0.9506607827883156,0.0,4.6568466415739085,6.719706167659868,0.0,0.0,3.668760410646099e-07,0.0,False,False,FLOATING_D_NOT_CERTIFIED_REGRET
20262010,M1_32,300,B_half,secondary_boundary_or_transition,0.48619093525492485,AVAILABLE,,0.2,0.2,upper_boundary,upper_boundary,0.11881992984741788,0.19553766073977313,0.19553766073977313,0.0,-0.48619093525492485,-2.223197831684852,0.0,0.0,2.1550035054771002e-07,0.0,False,False,FLOATING_D_NOT_CERTIFIED_REGRET
20262010,M1_32,300,B_transition,secondary_boundary_or_transition,0.9723818705098497,AVAILABLE,,0.2,0.2,upper_boundary,upper_boundary,0.21605811689840285,0.2927758477907581,0.2927758477907581,0.0,0.0,-1.737006896429927,0.0,0.0,2.1550035054771002e-07,0.0,False,False,FLOATING_D_NOT_CERTIFIED_REGRET
20262010,M1_32,300,interior_quarter,primary_interior,3.0577097236693422,AVAILABLE,,0.02,0.09106390413362532,interior,lower_boundary,0.5769638437535478,0.7324041787672679,0.5717823130524995,0.16062186571476844,-6.2559835594784765,1.2149831013227805,6.2559835594784765,0.0,2.1550035054771002e-07,1.7394489966658385e-19,True,False,FLOATING_D_NOT_CERTIFIED_REGRET
20262010,M1_32,300,interior_half,primary_interior,5.143037576828834,AVAILABLE,,0.02,0.05259262098465113,interior,lower_boundary,0.6186704008167376,0.7741107358304578,0.7163464974857452,0.05776423834471256,-4.170655706318985,3.3003109544822724,4.170655706318985,0.0,2.1550035054771002e-07,1.7394489966658385e-19,True,False,FLOATING_D_NOT_CERTIFIED_REGRET
20262010,M1_32,300,interior_three_quarters,primary_interior,7.228365429988326,AVAILABLE,,0.02,0.032677022493444396,interior,lower_boundary,0.6603769578799275,0.8158172928936476,0.8034316653216095,0.012385627572038094,-2.0853278531594928,5.385638807641764,2.0853278531594928,0.0,2.1550035054771002e-07,1.7394489966658385e-19,True,False,FLOATING_D_NOT_CERTIFIED_REGRET
20262010,M1_32,300,A_transition,secondary_boundary_or_transition,9.313693283147819,AVAILABLE,,0.02,0.02,lower_boundary,lower_boundary,0.7020835149431173,0.8575238499568374,0.8575238499568374,0.0,0.0,7.470966660801257,0.0,0.0,2.1550035054771002e-07,0.0,False,False,FLOATING_D_NOT_CERTIFIED_REGRET
20262010,M1_32,300,A_three_halves,secondary_boundary_or_transition,13.970539924721727,AVAILABLE,,0.02,0.02,lower_boundary,lower_boundary,0.7952204477745954,0.9506607827883156,0.9506607827883156,0.0,4.6568466415739085,12.127813302375166,0.0,0.0,2.1550035054771002e-07,0.0,False,False,FLOATING_D_NOT_CERTIFIED_REGRET
20262010,M1_32,3000,B_half,secondary_boundary_or_transition,0.48619093525492485,AVAILABLE,,0.2,0.2,upper_boundary,upper_boundary,0.17891968179412668,0.19553766073977313,0.19553766073977313,0.0,-0.48619093525492485,-1.778365460654972,0.0,0.0,5.266448938682188e-07,0.0,False,False,FLOATING_D_NOT_CERTIFIED_REGRET
20262010,M1_32,3000,B_transition,secondary_boundary_or_transition,0.9723818705098497,AVAILABLE,,0.2,0.2,upper_boundary,upper_boundary,0.2761578688451116,0.2927758477907581,0.2927758477907581,0.0,0.0,-1.292174525400047,0.0,0.0,5.266448938682188e-07,0.0,False,False,FLOATING_D_NOT_CERTIFIED_REGRET
20262010,M1_32,3000,interior_quarter,primary_interior,3.0577097236693422,AVAILABLE,,0.09664062500000001,0.09106390413362532,interior,interior_grid,0.565653658327825,0.5723342628221699,0.5717823130524995,0.0005519497696704345,0.19498144209399682,-0.0009084686566320777,0.19498144209399682,0.0009084686566320777,5.266448938682188e-07,1.7394489966658385e-19,False,False,FLOATING_D_NOT_CERTIFIED_REGRET
20262010,M1_32,3000,interior_half,primary_interior,5.143037576828834,AVAILABLE,,0.05533203125000001,0.05259262098465113,interior,interior_grid,0.7273538444598097,0.7166404305122014,0.7163464974857452,0.00029393302645619457,0.21226771772524877,0.0003107378306683728,0.21226771772524877,0.0003107378306683728,5.266448938682188e-07,1.7394489966658385e-19,False,False,FLOATING_D_NOT_CERTIFIED_REGRET
20262010,M1_32,3000,interior_three_quarters,primary_interior,7.228365429988326,AVAILABLE,,0.02,0.032677022493444396,interior,lower_boundary,0.7832474189549726,0.8158172928936476,0.8034316653216095,0.012385627572038094,-2.0853278531594928,1.4905388073978747,2.0853278531594928,0.0,5.266448938682188e-07,1.7394489966658385e-19,True,False,FLOATING_D_NOT_CERTIFIED_REGRET
20262010,M1_32,3000,A_transition,secondary_boundary_or_transition,9.313693283147819,AVAILABLE,,0.02,0.02,lower_boundary,lower_boundary,0.8249539760181624,0.8575238499568374,0.8575238499568374,0.0,0.0,3.5758666605573675,0.0,0.0,5.266448938682188e-07,0.0,False,False,FLOATING_D_NOT_CERTIFIED_REGRET
20262010,M1_32,3000,A_three_halves,secondary_boundary_or_transition,13.970539924721727,AVAILABLE,,0.02,0.02,lower_boundary,lower_boundary,0.9180909088496407,0.9506607827883156,0.9506607827883156,0.0,4.6568466415739085,8.232713302131277,0.0,0.0,5.266448938682188e-07,0.0,False,False,FLOATING_D_NOT_CERTIFIED_REGRET
20262011,M1_16,300,B_half,secondary_boundary_or_transition,0.48619093525492485,AVAILABLE,,0.2,0.2,upper_boundary,upper_boundary,0.10852738119769642,0.19553766073977313,0.19553766073977313,0.0,-0.48619093525492485,-2.8719460468926625,0.0,0.0,2.2266230769384613e-07,0.0,False,False,FLOATING_D_NOT_CERTIFIED_REGRET
20262011,M1_16,300,B_transition,secondary_boundary_or_transition,0.9723818705098497,AVAILABLE,,0.2,0.2,upper_boundary,upper_boundary,0.2057655682486814,0.2927758477907581,0.2927758477907581,0.0,0.0,-2.385755111637738,0.0,0.0,2.2266230769384613e-07,0.0,False,False,FLOATING_D_NOT_CERTIFIED_REGRET
20262011,M1_16,300,interior_quarter,primary_interior,3.0577097236693422,AVAILABLE,,0.02,0.09106390413362532,interior,lower_boundary,0.5881475038257188,0.7324041787672679,0.5717823130524995,0.16062186571476844,-6.2559835594784765,0.5331326214011676,6.2559835594784765,0.0,2.2266230769384613e-07,1.7394489966658385e-19,True,False,FLOATING_D_NOT_CERTIFIED_REGRET
20262011,M1_16,300,interior_half,primary_interior,5.143037576828834,AVAILABLE,,0.02,0.05259262098465113,interior,lower_boundary,0.6298540608889086,0.7741107358304578,0.7163464974857452,0.05776423834471256,-4.170655706318985,2.6184604745606594,4.170655706318985,0.0,2.2266230769384613e-07,1.7394489966658385e-19,True,False,FLOATING_D_NOT_CERTIFIED_REGRET
20262011,M1_16,300,interior_three_quarters,primary_interior,7.228365429988326,AVAILABLE,,0.02,0.032677022493444396,interior,lower_boundary,0.6715606179520984,0.8158172928936476,0.8034316653216095,0.012385627572038094,-2.0853278531594928,4.703788327720151,2.0853278531594928,0.0,2.2266230769384613e-07,1.7394489966658385e-19,True,False,FLOATING_D_NOT_CERTIFIED_REGRET
20262011,M1_16,300,A_transition,secondary_boundary_or_transition,9.313693283147819,AVAILABLE,,0.02,0.02,lower_boundary,lower_boundary,0.7132671750152882,0.8575238499568374,0.8575238499568374,0.0,0.0,6.789116180879644,0.0,0.0,2.2266230769384613e-07,0.0,False,False,FLOATING_D_NOT_CERTIFIED_REGRET
20262011,M1_16,300,A_three_halves,secondary_boundary_or_transition,13.970539924721727,AVAILABLE,,0.02,0.02,lower_boundary,lower_boundary,0.8064041078467665,0.9506607827883156,0.9506607827883156,0.0,4.6568466415739085,11.445962822453552,0.0,0.0,2.2266230769384613e-07,0.0,False,False,FLOATING_D_NOT_CERTIFIED_REGRET
20262011,M1_16,3000,B_half,secondary_boundary_or_transition,0.48619093525492485,AVAILABLE,,0.2,0.2,upper_boundary,upper_boundary,0.179430960829777,0.19553766073977313,0.19553766073977313,0.0,-0.48619093525492485,-1.8154445839435591,0.0,0.0,4.2422243331738394e-07,0.0,False,False,FLOATING_D_NOT_CERTIFIED_REGRET
20262011,M1_16,3000,B_transition,secondary_boundary_or_transition,0.9723818705098497,AVAILABLE,,0.2,0.2,upper_boundary,upper_boundary,0.27666914788076197,0.2927758477907581,0.2927758477907581,0.0,0.0,-1.3292536486886342,0.0,0.0,4.2422243331738394e-07,0.0,False,False,FLOATING_D_NOT_CERTIFIED_REGRET
20262011,M1_16,3000,interior_quarter,primary_interior,3.0577097236693422,AVAILABLE,,0.09611328125000002,0.09106390413362532,interior,interior_grid,0.5666442790140594,0.5722360984547898,0.5717823130524995,0.000453785402290352,0.17729114148497915,0.0017728332776734135,0.17729114148497915,0.0017728332776734135,4.2422243331738394e-07,1.7394489966658385e-19,False,False,FLOATING_D_NOT_CERTIFIED_REGRET
20262011,M1_16,3000,interior_half,primary_interior,5.143037576828834,AVAILABLE,,0.054804687500000004,0.05259262098465113,interior,interior_grid,0.7253729185399432,0.7165389611048687,0.7163464974857452,0.0001924636191235063,0.17248124607232107,0.0024496573014678447,0.17248124607232107,0.0024496573014678447,4.2422243331738394e-07,1.7394489966658385e-19,False,False,FLOATING_D_NOT_CERTIFIED_REGRET
20262011,M1_16,3000,interior_three_quarters,primary_interior,7.228365429988326,AVAILABLE,,0.02,0.032677022493444396,interior,lower_boundary,0.7879107377059971,0.8158172928936476,0.8034316653216095,0.012385627572038094,-2.0853278531594928,1.0299261246501468,2.0853278531594928,0.0,4.2422243331738394e-07,1.7394489966658385e-19,True,False,FLOATING_D_NOT_CERTIFIED_REGRET
20262011,M1_16,3000,A_transition,secondary_boundary_or_transition,9.313693283147819,AVAILABLE,,0.02,0.02,lower_boundary,lower_boundary,0.8296172947691869,0.8575238499568374,0.8575238499568374,0.0,0.0,3.1152539778096395,0.0,0.0,4.2422243331738394e-07,0.0,False,False,FLOATING_D_NOT_CERTIFIED_REGRET
20262011,M1_16,3000,A_three_halves,secondary_boundary_or_transition,13.970539924721727,AVAILABLE,,0.02,0.02,lower_boundary,lower_boundary,0.9227542276006651,0.9506607827883156,0.9506607827883156,0.0,4.6568466415739085,7.772100619383548,0.0,0.0,4.2422243331738394e-07,0.0,False,False,FLOATING_D_NOT_CERTIFIED_REGRET
20262011,M2_16,300,B_half,secondary_boundary_or_transition,0.48619093525492485,AVAILABLE,,0.2,0.2,upper_boundary,upper_boundary,0.101188688434099,0.19553766073977313,0.19553766073977313,0.0,-0.48619093525492485,-2.8446744482178232,0.0,0.0,2.223402888115718e-07,0.0,False,False,FLOATING_D_NOT_CERTIFIED_REGRET
20262011,M2_16,300,B_transition,secondary_boundary_or_transition,0.9723818705098497,AVAILABLE,,0.2,0.2,upper_boundary,upper_boundary,0.19842687548508398,0.2927758477907581,0.2927758477907581,0.0,0.0,-2.3584835129628985,0.0,0.0,2.223402888115718e-07,0.0,False,False,FLOATING_D_NOT_CERTIFIED_REGRET
20262011,M2_16,300,interior_quarter,primary_interior,3.0577097236693422,AVAILABLE,,0.05568359375000001,0.09106390413362532,interior,interior_grid,0.6078254425320436,0.6006011273530746,0.5717823130524995,0.02881881430057509,-1.8468111535820926,-0.0002138686306563109,1.8468111535820926,0.0002138686306563109,2.223402888115718e-07,1.7394489966658385e-19,False,False,FLOATING_D_NOT_CERTIFIED_REGRET
20262011,M2_16,300,interior_half,primary_interior,5.143037576828834,AVAILABLE,,0.02,0.05259262098465113,interior,lower_boundary,0.6530332503602215,0.7741107358304578,0.7163464974857452,0.05776423834471256,-4.170655706318985,1.8975157199701864,4.170655706318985,0.0,2.223402888115718e-07,1.7394489966658385e-19,True,False,FLOATING_D_NOT_CERTIFIED_REGRET
20262011,M2_16,300,interior_three_quarters,primary_interior,7.228365429988326,AVAILABLE,,0.02,0.032677022493444396,interior,lower_boundary,0.6947398074234113,0.8158172928936476,0.8034316653216095,0.012385627572038094,-2.0853278531594928,3.9828435731296783,2.0853278531594928,0.0,2.223402888115718e-07,1.7394489966658385e-19,True,False,FLOATING_D_NOT_CERTIFIED_REGRET
20262011,M2_16,300,A_transition,secondary_boundary_or_transition,9.313693283147819,AVAILABLE,,0.02,0.02,lower_boundary,lower_boundary,0.7364463644866012,0.8575238499568374,0.8575238499568374,0.0,0.0,6.068171426289171,0.0,0.0,2.223402888115718e-07,0.0,False,False,FLOATING_D_NOT_CERTIFIED_REGRET
20262011,M2_16,300,A_three_halves,secondary_boundary_or_transition,13.970539924721727,AVAILABLE,,0.02,0.02,lower_boundary,lower_boundary,0.8295832973180794,0.9506607827883156,0.9506607827883156,0.0,4.6568466415739085,10.725018067863079,0.0,0.0,2.223402888115718e-07,0.0,False,False,FLOATING_D_NOT_CERTIFIED_REGRET
20262011,M2_16,3000,B_half,secondary_boundary_or_transition,0.48619093525492485,AVAILABLE,,0.2,0.2,upper_boundary,upper_boundary,0.19121942885408894,0.19553766073977313,0.19553766073977313,0.0,-0.48619093525492485,-1.3576307844853015,0.0,0.0,3.597417209394862e-07,0.0,False,False,FLOATING_D_NOT_CERTIFIED_REGRET
20262011,M2_16,3000,B_transition,secondary_boundary_or_transition,0.9723818705098497,AVAILABLE,,0.2,0.2,upper_boundary,upper_boundary,0.2884576159050739,0.2927758477907581,0.2927758477907581,0.0,0.0,-0.8714398492303768,0.0,0.0,3.597417209394862e-07,0.0,False,False,FLOATING_D_NOT_CERTIFIED_REGRET
20262011,M2_16,3000,interior_quarter,primary_interior,3.0577097236693422,AVAILABLE,,0.09646484375000001,0.09106390413362532,interior,interior_grid,0.5616556566528239,0.5723005053131801,0.5717823130524995,0.0005181922606806166,0.18910124241534243,-0.004262176293464481,0.18910124241534243,0.004262176293464481,3.597417209394862e-07,1.7394489966658385e-19,False,False,FLOATING_D_NOT_CERTIFIED_REGRET
20262011,M2_16,3000,interior_half,primary_interior,5.143037576828834,AVAILABLE,,0.06007812500000001,0.05259262098465113,interior,interior_grid,0.7245769722847903,0.7184617997072476,0.7163464974857452,0.0021153022215023576,0.5490731699013667,0.0032796129000010055,0.5490731699013667,0.0032796129000010055,3.597417209394862e-07,1.7394489966658385e-19,False,False,FLOATING_D_NOT_CERTIFIED_REGRET
20262011,M2_16,3000,interior_three_quarters,primary_interior,7.228365429988326,AVAILABLE,,0.02,0.032677022493444396,interior,lower_boundary,0.8076817052024159,0.8158172928936476,0.8034316653216095,0.012385627572038094,-2.0853278531594928,0.14019130972036287,2.0853278531594928,0.0,3.597417209394862e-07,1.7394489966658385e-19,True,False,FLOATING_D_NOT_CERTIFIED_REGRET
20262011,M2_16,3000,A_transition,secondary_boundary_or_transition,9.313693283147819,AVAILABLE,,0.02,0.02,lower_boundary,lower_boundary,0.8493882622656057,0.8575238499568374,0.8575238499568374,0.0,0.0,2.2255191628798556,0.0,0.0,3.597417209394862e-07,0.0,False,False,FLOATING_D_NOT_CERTIFIED_REGRET
20262011,M2_16,3000,A_three_halves,secondary_boundary_or_transition,13.970539924721727,AVAILABLE,,0.02,0.02,lower_boundary,lower_boundary,0.9425251950970839,0.9506607827883156,0.9506607827883156,0.0,4.6568466415739085,6.882365804453764,0.0,0.0,3.597417209394862e-07,0.0,False,False,FLOATING_D_NOT_CERTIFIED_REGRET
20262011,M1_32,300,B_half,secondary_boundary_or_transition,0.48619093525492485,AVAILABLE,,0.2,0.2,upper_boundary,upper_boundary,0.10841095197833166,0.19553766073977313,0.19553766073977313,0.0,-0.48619093525492485,-2.8754115590870026,0.0,0.0,2.226033880791438e-07,0.0,False,False,FLOATING_D_NOT_CERTIFIED_REGRET
20262011,M1_32,300,B_transition,secondary_boundary_or_transition,0.9723818705098497,AVAILABLE,,0.2,0.2,upper_boundary,upper_boundary,0.20564913902931664,0.2927758477907581,0.2927758477907581,0.0,0.0,-2.3892206238320775,0.0,0.0,2.226033880791438e-07,0.0,False,False,FLOATING_D_NOT_CERTIFIED_REGRET
20262011,M1_32,300,interior_quarter,primary_interior,3.0577097236693422,AVAILABLE,,0.02,0.09106390413362532,interior,lower_boundary,0.5886723792207574,0.7324041787672679,0.5717823130524995,0.16062186571476844,-6.2559835594784765,0.528598978250614,6.2559835594784765,0.0,2.226033880791438e-07,1.7394489966658385e-19,True,False,FLOATING_D_NOT_CERTIFIED_REGRET
20262011,M1_32,300,interior_half,primary_interior,5.143037576828834,AVAILABLE,,0.02,0.05259262098465113,interior,lower_boundary,0.6303789362839473,0.7741107358304578,0.7163464974857452,0.05776423834471256,-4.170655706318985,2.613926831410106,4.170655706318985,0.0,2.226033880791438e-07,1.7394489966658385e-19,True,False,FLOATING_D_NOT_CERTIFIED_REGRET
20262011,M1_32,300,interior_three_quarters,primary_interior,7.228365429988326,AVAILABLE,,0.02,0.032677022493444396,interior,lower_boundary,0.6720854933471371,0.8158172928936476,0.8034316653216095,0.012385627572038094,-2.0853278531594928,4.699254684569597,2.0853278531594928,0.0,2.226033880791438e-07,1.7394489966658385e-19,True,False,FLOATING_D_NOT_CERTIFIED_REGRET
20262011,M1_32,300,A_transition,secondary_boundary_or_transition,9.313693283147819,AVAILABLE,,0.02,0.02,lower_boundary,lower_boundary,0.7137920504103269,0.8575238499568374,0.8575238499568374,0.0,0.0,6.78458253772909,0.0,0.0,2.226033880791438e-07,0.0,False,False,FLOATING_D_NOT_CERTIFIED_REGRET
20262011,M1_32,300,A_three_halves,secondary_boundary_or_transition,13.970539924721727,AVAILABLE,,0.02,0.02,lower_boundary,lower_boundary,0.8069289832418052,0.9506607827883156,0.9506607827883156,0.0,4.6568466415739085,11.441429179302999,0.0,0.0,2.226033880791438e-07,0.0,False,False,FLOATING_D_NOT_CERTIFIED_REGRET
20262011,M1_32,3000,B_half,secondary_boundary_or_transition,0.48619093525492485,AVAILABLE,,0.2,0.2,upper_boundary,upper_boundary,0.17973046673152954,0.19553766073977313,0.19553766073977313,0.0,-0.48619093525492485,-1.8143423327595674,0.0,0.0,4.2462684499488355e-07,0.0,False,False,FLOATING_D_NOT_CERTIFIED_REGRET
20262011,M1_32,3000,B_transition,secondary_boundary_or_transition,0.9723818705098497,AVAILABLE,,0.2,0.2,upper_boundary,upper_boundary,0.2769686537825145,0.2927758477907581,0.2927758477907581,0.0,0.0,-1.3281513975046424,0.0,0.0,4.2462684499488355e-07,0.0,False,False,FLOATING_D_NOT_CERTIFIED_REGRET
20262011,M1_32,3000,interior_quarter,primary_interior,3.0577097236693422,AVAILABLE,,0.09611328125000002,0.09106390413362532,interior,interior_grid,0.5664686612516072,0.5722360984547898,0.5717823130524995,0.000453785402290352,0.17729114148497915,-0.0002947861719628797,0.17729114148497915,0.0002947861719628797,4.2462684499488355e-07,1.7394489966658385e-19,False,False,FLOATING_D_NOT_CERTIFIED_REGRET
20262011,M1_32,3000,interior_half,primary_interior,5.143037576828834,AVAILABLE,,0.055156250000000004,0.05259262098465113,interior,interior_grid,0.7255333397555771,0.7166042777714514,0.7163464974857452,0.0002577802857062217,0.19906094615118608,0.0027167569749515508,0.19906094615118608,0.0027167569749515508,4.2462684499488355e-07,1.7394489966658385e-19,False,False,FLOATING_D_NOT_CERTIFIED_REGRET
20262011,M1_32,3000,interior_three_quarters,primary_interior,7.228365429988326,AVAILABLE,,0.02,0.032677022493444396,interior,lower_boundary,0.7887922620955743,0.8158172928936476,0.8034316653216095,0.012385627572038094,-2.0853278531594928,1.003578357580733,2.0853278531594928,0.0,4.2462684499488355e-07,1.7394489966658385e-19,True,False,FLOATING_D_NOT_CERTIFIED_REGRET
20262011,M1_32,3000,A_transition,secondary_boundary_or_transition,9.313693283147819,AVAILABLE,,0.02,0.02,lower_boundary,lower_boundary,0.8304988191587641,0.8575238499568374,0.8575238499568374,0.0,0.0,3.088906210740226,0.0,0.0,4.2462684499488355e-07,0.0,False,False,FLOATING_D_NOT_CERTIFIED_REGRET
20262011,M1_32,3000,A_three_halves,secondary_boundary_or_transition,13.970539924721727,AVAILABLE,,0.02,0.02,lower_boundary,lower_boundary,0.9236357519902423,0.9506607827883156,0.9506607827883156,0.0,4.6568466415739085,7.745752852314134,0.0,0.0,4.2462684499488355e-07,0.0,False,False,FLOATING_D_NOT_CERTIFIED_REGRET
20262012,M1_16,300,B_half,secondary_boundary_or_transition,0.48619093525492485,AVAILABLE,,0.2,0.2,upper_boundary,upper_boundary,0.1198525431525366,0.19553766073977313,0.19553766073977313,0.0,-0.48619093525492485,-2.24870520583172,0.0,0.0,1.5472553971478588e-07,0.0,False,False,FLOATING_D_NOT_CERTIFIED_REGRET
20262012,M1_16,300,B_transition,secondary_boundary_or_transition,0.9723818705098497,AVAILABLE,,0.2,0.2,upper_boundary,upper_boundary,0.21709073020352157,0.2927758477907581,0.2927758477907581,0.0,0.0,-1.7625142705767949,0.0,0.0,1.5472553971478588e-07,0.0,False,False,FLOATING_D_NOT_CERTIFIED_REGRET
20262012,M1_16,300,interior_quarter,primary_interior,3.0577097236693422,AVAILABLE,,0.02,0.09106390413362532,interior,lower_boundary,0.5804209924175899,0.7324041787672679,0.5717823130524995,0.16062186571476844,-6.2559835594784765,1.0378717853955952,6.2559835594784765,0.0,1.5472553971478588e-07,1.7394489966658385e-19,True,False,FLOATING_D_NOT_CERTIFIED_REGRET
20262012,M1_16,300,interior_half,primary_interior,5.143037576828834,AVAILABLE,,0.02,0.05259262098465113,interior,lower_boundary,0.6221275494807798,0.7741107358304578,0.7163464974857452,0.05776423834471256,-4.170655706318985,3.123199638555087,4.170655706318985,0.0,1.5472553971478588e-07,1.7394489966658385e-19,True,False,FLOATING_D_NOT_CERTIFIED_REGRET
20262012,M1_16,300,interior_three_quarters,primary_interior,7.228365429988326,AVAILABLE,,0.02,0.032677022493444396,interior,lower_boundary,0.6638341065439696,0.8158172928936476,0.8034316653216095,0.012385627572038094,-2.0853278531594928,5.2085274917145785,2.0853278531594928,0.0,1.5472553971478588e-07,1.7394489966658385e-19,True,False,FLOATING_D_NOT_CERTIFIED_REGRET
20262012,M1_16,300,A_transition,secondary_boundary_or_transition,9.313693283147819,AVAILABLE,,0.02,0.02,lower_boundary,lower_boundary,0.7055406636071594,0.8575238499568374,0.8575238499568374,0.0,0.0,7.293855344874071,0.0,0.0,1.5472553971478588e-07,0.0,False,False,FLOATING_D_NOT_CERTIFIED_REGRET
20262012,M1_16,300,A_three_halves,secondary_boundary_or_transition,13.970539924721727,AVAILABLE,,0.02,0.02,lower_boundary,lower_boundary,0.7986775964386377,0.9506607827883156,0.9506607827883156,0.0,4.6568466415739085,11.95070198644798,0.0,0.0,1.5472553971478588e-07,0.0,False,False,FLOATING_D_NOT_CERTIFIED_REGRET
20262012,M1_16,3000,B_half,secondary_boundary_or_transition,0.48619093525492485,AVAILABLE,,0.2,0.2,upper_boundary,upper_boundary,0.19726885179118273,0.19553766073977313,0.19553766073977313,0.0,-0.48619093525492485,-0.5351186207768218,0.0,0.0,3.134373478570933e-07,0.0,False,False,FLOATING_D_NOT_CERTIFIED_REGRET
20262012,M1_16,3000,B_transition,secondary_boundary_or_transition,0.9723818705098497,AVAILABLE,,0.2,0.2,upper_boundary,upper_boundary,0.29450703884216767,0.2927758477907581,0.2927758477907581,0.0,0.0,-0.04892768552189697,0.0,0.0,3.134373478570933e-07,0.0,False,False,FLOATING_D_NOT_CERTIFIED_REGRET
20262012,M1_16,3000,interior_quarter,primary_interior,3.0577097236693422,AVAILABLE,,0.09787109375000001,0.09106390413362532,interior,interior_grid,0.570053693711599,0.5725993055319126,0.5717823130524995,0.0008169924794131367,0.23568566559251902,0.002817702124338517,0.23568566559251902,0.002817702124338517,3.134373478570933e-07,1.7394489966658385e-19,False,False,FLOATING_D_NOT_CERTIFIED_REGRET
20262012,M1_16,3000,interior_half,primary_interior,5.143037576828834,AVAILABLE,,0.050937500000000004,0.05259262098465113,interior,interior_grid,0.728507204158692,0.7164576698527937,0.7163464974857452,0.00011117236704849542,-0.1352516771275285,0.0009809424758229213,0.1352516771275285,0.0009809424758229213,3.134373478570933e-07,1.7394489966658385e-19,False,False,FLOATING_D_NOT_CERTIFIED_REGRET
20262012,M1_16,3000,interior_three_quarters,primary_interior,7.228365429988326,AVAILABLE,,0.02,0.032677022493444396,interior,lower_boundary,0.7738336349065896,0.8158172928936476,0.8034316653216095,0.012385627572038094,-2.0853278531594928,2.1367381581040883,2.0853278531594928,0.0,3.134373478570933e-07,1.7394489966658385e-19,True,False,FLOATING_D_NOT_CERTIFIED_REGRET
20262012,M1_16,3000,A_transition,secondary_boundary_or_transition,9.313693283147819,AVAILABLE,,0.02,0.02,lower_boundary,lower_boundary,0.8155401919697794,0.8575238499568374,0.8575238499568374,0.0,0.0,4.222066011263581,0.0,0.0,3.134373478570933e-07,0.0,False,False,FLOATING_D_NOT_CERTIFIED_REGRET
20262012,M1_16,3000,A_three_halves,secondary_boundary_or_transition,13.970539924721727,AVAILABLE,,0.02,0.02,lower_boundary,lower_boundary,0.9086771248012577,0.9506607827883156,0.9506607827883156,0.0,4.6568466415739085,8.878912652837489,0.0,0.0,3.134373478570933e-07,0.0,False,False,FLOATING_D_NOT_CERTIFIED_REGRET
20262012,M2_16,300,B_half,secondary_boundary_or_transition,0.48619093525492485,AVAILABLE,,0.2,0.2,upper_boundary,upper_boundary,0.10400975447472295,0.19553766073977313,0.19553766073977313,0.0,-0.48619093525492485,-2.167449717023361,0.0,0.0,1.5286411361669658e-07,0.0,False,False,FLOATING_D_NOT_CERTIFIED_REGRET
20262012,M2_16,300,B_transition,secondary_boundary_or_transition,0.9723818705098497,AVAILABLE,,0.2,0.2,upper_boundary,upper_boundary,0.20124794152570794,0.2927758477907581,0.2927758477907581,0.0,0.0,-1.6812587817684361,0.0,0.0,1.5286411361669658e-07,0.0,False,False,FLOATING_D_NOT_CERTIFIED_REGRET
20262012,M2_16,300,interior_quarter,primary_interior,3.0577097236693422,AVAILABLE,,0.02,0.09106390413362532,interior,lower_boundary,0.6041019885933142,0.7324041787672679,0.5717823130524995,0.16062186571476844,-6.2559835594784765,0.49300924837660354,6.2559835594784765,0.0,1.5286411361669658e-07,1.7394489966658385e-19,True,False,FLOATING_D_NOT_CERTIFIED_REGRET
20262012,M2_16,300,interior_half,primary_interior,5.143037576828834,AVAILABLE,,0.02,0.05259262098465113,interior,lower_boundary,0.645808545656504,0.7741107358304578,0.7163464974857452,0.05776423834471256,-4.170655706318985,2.5783371015360954,4.170655706318985,0.0,1.5286411361669658e-07,1.7394489966658385e-19,True,False,FLOATING_D_NOT_CERTIFIED_REGRET
20262012,M2_16,300,interior_three_quarters,primary_interior,7.228365429988326,AVAILABLE,,0.02,0.032677022493444396,interior,lower_boundary,0.6875151027196938,0.8158172928936476,0.8034316653216095,0.012385627572038094,-2.0853278531594928,4.663664954695587,2.0853278531594928,0.0,1.5286411361669658e-07,1.7394489966658385e-19,True,False,FLOATING_D_NOT_CERTIFIED_REGRET
20262012,M2_16,300,A_transition,secondary_boundary_or_transition,9.313693283147819,AVAILABLE,,0.02,0.02,lower_boundary,lower_boundary,0.7292216597828837,0.8575238499568374,0.8575238499568374,0.0,0.0,6.74899280785508,0.0,0.0,1.5286411361669658e-07,0.0,False,False,FLOATING_D_NOT_CERTIFIED_REGRET
20262012,M2_16,300,A_three_halves,secondary_boundary_or_transition,13.970539924721727,AVAILABLE,,0.02,0.02,lower_boundary,lower_boundary,0.822358592614362,0.9506607827883156,0.9506607827883156,0.0,4.6568466415739085,11.405839449428989,0.0,0.0,1.5286411361669658e-07,0.0,False,False,FLOATING_D_NOT_CERTIFIED_REGRET
20262012,M2_16,3000,B_half,secondary_boundary_or_transition,0.48619093525492485,AVAILABLE,,0.2,0.2,upper_boundary,upper_boundary,0.19303654789259536,0.19553766073977313,0.19553766073977313,0.0,-0.48619093525492485,-0.8835242754722602,0.0,0.0,4.0223597613177794e-07,0.0,False,False,FLOATING_D_NOT_CERTIFIED_REGRET
20262012,M2_16,3000,B_transition,secondary_boundary_or_transition,0.9723818705098497,AVAILABLE,,0.2,0.2,upper_boundary,upper_boundary,0.29027473494358036,0.2927758477907581,0.2927758477907581,0.0,0.0,-0.39733334021733535,0.0,0.0,4.0223597613177794e-07,0.0,False,False,FLOATING_D_NOT_CERTIFIED_REGRET
20262012,M2_16,3000,interior_quarter,primary_interior,3.0577097236693422,AVAILABLE,,0.09136718750000002,0.09106390413362532,interior,interior_grid,0.5655924571138939,0.5717839933486983,0.5717823130524995,1.680296198847131e-06,0.011071316106452844,0.0035786426281401162,0.011071316106452844,0.0035786426281401162,4.0223597613177794e-07,1.7394489966658385e-19,False,False,FLOATING_D_NOT_CERTIFIED_REGRET
20262012,M2_16,3000,interior_half,primary_interior,5.143037576828834,AVAILABLE,,0.057265625,0.05259262098465113,interior,interior_grid,0.7179120803747625,0.7171889186907714,0.7163464974857452,0.0008424212050262003,0.35398360782375793,-0.0059961789588047765,0.35398360782375793,0.0059961789588047765,4.0223597613177794e-07,1.7394489966658385e-19,False,False,FLOATING_D_NOT_CERTIFIED_REGRET
20262012,M2_16,3000,interior_three_quarters,primary_interior,7.228365429988326,AVAILABLE,,0.0301953125,0.032677022493444396,interior,interior_grid,0.8093098250077175,0.80385962760272,0.8034316653216095,0.0004279622811105277,-0.34905717779889756,-0.0037626865857731673,0.34905717779889756,0.0037626865857731673,4.0223597613177794e-07,1.7394489966658385e-19,False,False,FLOATING_D_NOT_CERTIFIED_REGRET
20262012,M2_16,3000,A_transition,secondary_boundary_or_transition,9.313693283147819,AVAILABLE,,0.02,0.02,lower_boundary,lower_boundary,0.8546240469225991,0.8575238499568374,0.8575238499568374,0.0,0.0,1.4046754601039062,0.0,0.0,4.0223597613177794e-07,0.0,False,False,FLOATING_D_NOT_CERTIFIED_REGRET
20262012,M2_16,3000,A_three_halves,secondary_boundary_or_transition,13.970539924721727,AVAILABLE,,0.02,0.02,lower_boundary,lower_boundary,0.9477609797540774,0.9506607827883156,0.9506607827883156,0.0,4.6568466415739085,6.061522101677815,0.0,0.0,4.0223597613177794e-07,0.0,False,False,FLOATING_D_NOT_CERTIFIED_REGRET
20262012,M1_32,300,B_half,secondary_boundary_or_transition,0.48619093525492485,AVAILABLE,,0.2,0.2,upper_boundary,upper_boundary,0.11965983081974234,0.19553766073977313,0.19553766073977313,0.0,-0.48619093525492485,-2.252301647455105,0.0,0.0,1.547226789746272e-07,0.0,False,False,FLOATING_D_NOT_CERTIFIED_REGRET
20262012,M1_32,300,B_transition,secondary_boundary_or_transition,0.9723818705098497,AVAILABLE,,0.2,0.2,upper_boundary,upper_boundary,0.2168980178707273,0.2927758477907581,0.2927758477907581,0.0,0.0,-1.7661107122001802,0.0,0.0,1.547226789746272e-07,0.0,False,False,FLOATING_D_NOT_CERTIFIED_REGRET
20262012,M1_32,300,interior_quarter,primary_interior,3.0577097236693422,AVAILABLE,,0.02,0.09106390413362532,interior,lower_boundary,0.581006217480029,0.7324041787672679,0.5717823130524995,0.16062186571476844,-6.2559835594784765,1.033445778877851,6.2559835594784765,0.0,1.547226789746272e-07,1.7394489966658385e-19,True,False,FLOATING_D_NOT_CERTIFIED_REGRET
20262012,M1_32,300,interior_half,primary_interior,5.143037576828834,AVAILABLE,,0.02,0.05259262098465113,interior,lower_boundary,0.6227127745432188,0.7741107358304578,0.7163464974857452,0.05776423834471256,-4.170655706318985,3.118773632037343,4.170655706318985,0.0,1.547226789746272e-07,1.7394489966658385e-19,True,False,FLOATING_D_NOT_CERTIFIED_REGRET
20262012,M1_32,300,interior_three_quarters,primary_interior,7.228365429988326,AVAILABLE,,0.02,0.032677022493444396,interior,lower_boundary,0.6644193316064086,0.8158172928936476,0.8034316653216095,0.012385627572038094,-2.0853278531594928,5.204101485196835,2.0853278531594928,0.0,1.547226789746272e-07,1.7394489966658385e-19,True,False,FLOATING_D_NOT_CERTIFIED_REGRET
20262012,M1_32,300,A_transition,secondary_boundary_or_transition,9.313693283147819,AVAILABLE,,0.02,0.02,lower_boundary,lower_boundary,0.7061258886695985,0.8575238499568374,0.8575238499568374,0.0,0.0,7.289429338356328,0.0,0.0,1.547226789746272e-07,0.0,False,False,FLOATING_D_NOT_CERTIFIED_REGRET
20262012,M1_32,300,A_three_halves,secondary_boundary_or_transition,13.970539924721727,AVAILABLE,,0.02,0.02,lower_boundary,lower_boundary,0.7992628215010766,0.9506607827883156,0.9506607827883156,0.0,4.6568466415739085,11.946275979930236,0.0,0.0,1.547226789746272e-07,0.0,False,False,FLOATING_D_NOT_CERTIFIED_REGRET
20262012,M1_32,3000,B_half,secondary_boundary_or_transition,0.48619093525492485,AVAILABLE,,0.2,0.2,upper_boundary,upper_boundary,0.19708570489287713,0.19553766073977313,0.19553766073977313,0.0,-0.48619093525492485,-0.5450113311320158,0.0,0.0,3.150841960332445e-07,0.0,False,False,FLOATING_D_NOT_CERTIFIED_REGRET
20262012,M1_32,3000,B_transition,secondary_boundary_or_transition,0.9723818705098497,AVAILABLE,,0.2,0.2,upper_boundary,upper_boundary,0.2943238919438621,0.2927758477907581,0.2927758477907581,0.0,0.0,-0.05882039587709098,0.0,0.0,3.150841960332445e-07,0.0,False,False,FLOATING_D_NOT_CERTIFIED_REGRET
20262012,M1_32,3000,interior_quarter,primary_interior,3.0577097236693422,AVAILABLE,,0.0976953125,0.09106390413362532,interior,interior_grid,0.5699256522775593,0.5725583829892014,0.5717823130524995,0.0007760699367018731,0.22991926310295385,0.002446608122822269,0.22991926310295385,0.002446608122822269,3.150841960332445e-07,1.7394489966658385e-19,False,False,FLOATING_D_NOT_CERTIFIED_REGRET
20262012,M1_32,3000,interior_half,primary_interior,5.143037576828834,AVAILABLE,,0.05199218750000001,0.05259262098465113,interior,interior_grid,0.7285579238110692,0.7163610024766178,0.7163464974857452,1.4504990872632462e-05,-0.04843326893977018,0.0020929018591271387,0.04843326893977018,0.0020929018591271387,3.150841960332445e-07,1.7394489966658385e-19,False,False,FLOATING_D_NOT_CERTIFIED_REGRET
20262012,M1_32,3000,interior_three_quarters,primary_interior,7.228365429988326,AVAILABLE,,0.02,0.032677022493444396,interior,lower_boundary,0.7755374367435167,0.8158172928936476,0.8034316653216095,0.012385627572038094,-2.0853278531594928,2.062345614372207,2.0853278531594928,0.0,3.150841960332445e-07,1.7394489966658385e-19,True,False,FLOATING_D_NOT_CERTIFIED_REGRET
20262012,M1_32,3000,A_transition,secondary_boundary_or_transition,9.313693283147819,AVAILABLE,,0.02,0.02,lower_boundary,lower_boundary,0.8172439938067065,0.8575238499568374,0.8575238499568374,0.0,0.0,4.1476734675317,0.0,0.0,3.150841960332445e-07,0.0,False,False,FLOATING_D_NOT_CERTIFIED_REGRET
20262012,M1_32,3000,A_three_halves,secondary_boundary_or_transition,13.970539924721727,AVAILABLE,,0.02,0.02,lower_boundary,lower_boundary,0.9103809266381848,0.9506607827883156,0.9506607827883156,0.0,4.6568466415739085,8.804520109105608,0.0,0.0,3.150841960332445e-07,0.0,False,False,FLOATING_D_NOT_CERTIFIED_REGRET
20262013,M1_16,300,B_half,secondary_boundary_or_transition,0.48619093525492485,AVAILABLE,,0.2,0.2,upper_boundary,upper_boundary,0.11635754741557586,0.19553766073977313,0.19553766073977313,0.0,-0.48619093525492485,-2.4501477671571084,0.0,0.0,1.743032785309655e-07,0.0,False,False,FLOATING_D_NOT_CERTIFIED_REGRET
20262013,M1_16,300,B_transition,secondary_boundary_or_transition,0.9723818705098497,AVAILABLE,,0.2,0.2,upper_boundary,upper_boundary,0.21359573446656083,0.2927758477907581,0.2927758477907581,0.0,0.0,-1.9639568319021834,0.0,0.0,1.743032785309655e-07,0.0,False,False,FLOATING_D_NOT_CERTIFIED_REGRET
20262013,M1_16,300,interior_quarter,primary_interior,3.0577097236693422,AVAILABLE,,0.02,0.09106390413362532,interior,lower_boundary,0.5836434447609666,0.7324041787672679,0.5717823130524995,0.16062186571476844,-6.2559835594784765,0.8555169715466744,6.2559835594784765,0.0,1.743032785309655e-07,1.7394489966658385e-19,True,False,FLOATING_D_NOT_CERTIFIED_REGRET
20262013,M1_16,300,interior_half,primary_interior,5.143037576828834,AVAILABLE,,0.02,0.05259262098465113,interior,lower_boundary,0.6253500018241565,0.7741107358304578,0.7163464974857452,0.05776423834471256,-4.170655706318985,2.9408448247061663,4.170655706318985,0.0,1.743032785309655e-07,1.7394489966658385e-19,True,False,FLOATING_D_NOT_CERTIFIED_REGRET
20262013,M1_16,300,interior_three_quarters,primary_interior,7.228365429988326,AVAILABLE,,0.02,0.032677022493444396,interior,lower_boundary,0.6670565588873463,0.8158172928936476,0.8034316653216095,0.012385627572038094,-2.0853278531594928,5.026172677865658,2.0853278531594928,0.0,1.743032785309655e-07,1.7394489966658385e-19,True,False,FLOATING_D_NOT_CERTIFIED_REGRET
20262013,M1_16,300,A_transition,secondary_boundary_or_transition,9.313693283147819,AVAILABLE,,0.02,0.02,lower_boundary,lower_boundary,0.7087631159505361,0.8575238499568374,0.8575238499568374,0.0,0.0,7.1115005310251505,0.0,0.0,1.743032785309655e-07,0.0,False,False,FLOATING_D_NOT_CERTIFIED_REGRET
20262013,M1_16,300,A_three_halves,secondary_boundary_or_transition,13.970539924721727,AVAILABLE,,0.02,0.02,lower_boundary,lower_boundary,0.8019000487820143,0.9506607827883156,0.9506607827883156,0.0,4.6568466415739085,11.768347172599059,0.0,0.0,1.743032785309655e-07,0.0,False,False,FLOATING_D_NOT_CERTIFIED_REGRET
20262013,M1_16,3000,B_half,secondary_boundary_or_transition,0.48619093525492485,AVAILABLE,,0.2,0.2,upper_boundary,upper_boundary,0.18202718332385864,0.19553766073977313,0.19553766073977313,0.0,-0.48619093525492485,-1.473641038094823,0.0,0.0,3.340095059095531e-07,0.0,False,False,FLOATING_D_NOT_CERTIFIED_REGRET
20262013,M1_16,3000,B_transition,secondary_boundary_or_transition,0.9723818705098497,AVAILABLE,,0.2,0.2,upper_boundary,upper_boundary,0.2792653703748436,0.2927758477907581,0.2927758477907581,0.0,0.0,-0.9874501028398981,0.0,0.0,3.340095059095531e-07,0.0,False,False,FLOATING_D_NOT_CERTIFIED_REGRET
20262013,M1_16,3000,interior_quarter,primary_interior,3.0577097236693422,AVAILABLE,,0.09734375,0.09106390413362532,interior,interior_grid,0.5714284737955507,0.5724795858342147,0.5717823130524995,0.0006972727817151636,0.21833825309026844,-0.0025821216987353957,0.21833825309026844,0.0025821216987353957,3.340095059095531e-07,1.7394489966658385e-19,False,False,FLOATING_D_NOT_CERTIFIED_REGRET
20262013,M1_16,3000,interior_half,primary_interior,5.143037576828834,AVAILABLE,,0.04724609375,0.05259262098465113,interior,interior_grid,0.7257131361758092,0.7175428990274629,0.7163464974857452,0.0011964015417177398,-0.4577014655989329,0.0006179677222002411,0.4577014655989329,0.0006179677222002411,3.340095059095531e-07,1.7394489966658385e-19,False,False,FLOATING_D_NOT_CERTIFIED_REGRET
20262013,M1_16,3000,interior_three_quarters,primary_interior,7.228365429988326,AVAILABLE,,0.02,0.032677022493444396,interior,lower_boundary,0.7762838606138917,0.8158172928936476,0.8034316653216095,0.012385627572038094,-2.0853278531594928,1.5180530476026028,2.0853278531594928,0.0,3.340095059095531e-07,1.7394489966658385e-19,True,False,FLOATING_D_NOT_CERTIFIED_REGRET
20262013,M1_16,3000,A_transition,secondary_boundary_or_transition,9.313693283147819,AVAILABLE,,0.02,0.02,lower_boundary,lower_boundary,0.8179904176770815,0.8575238499568374,0.8575238499568374,0.0,0.0,3.6033809007620956,0.0,0.0,3.340095059095531e-07,0.0,False,False,FLOATING_D_NOT_CERTIFIED_REGRET
20262013,M1_16,3000,A_three_halves,secondary_boundary_or_transition,13.970539924721727,AVAILABLE,,0.02,0.02,lower_boundary,lower_boundary,0.9111273505085598,0.9506607827883156,0.9506607827883156,0.0,4.6568466415739085,8.260227542336004,0.0,0.0,3.340095059095531e-07,0.0,False,False,FLOATING_D_NOT_CERTIFIED_REGRET
20262013,M2_16,300,B_half,secondary_boundary_or_transition,0.48619093525492485,AVAILABLE,,0.2,0.2,upper_boundary,upper_boundary,0.10241551586662573,0.19553766073977313,0.19553766073977313,0.0,-0.48619093525492485,-2.4229776834620864,0.0,0.0,1.7125307398005064e-07,0.0,False,False,FLOATING_D_NOT_CERTIFIED_REGRET
20262013,M2_16,300,B_transition,secondary_boundary_or_transition,0.9723818705098497,AVAILABLE,,0.2,0.2,upper_boundary,upper_boundary,0.1996537029176107,0.2927758477907581,0.2927758477907581,0.0,0.0,-1.9367867482071615,0.0,0.0,1.7125307398005064e-07,0.0,False,False,FLOATING_D_NOT_CERTIFIED_REGRET
20262013,M2_16,300,interior_quarter,primary_interior,3.0577097236693422,AVAILABLE,,0.02,0.09106390413362532,interior,lower_boundary,0.6052099654370829,0.7324041787672679,0.5717823130524995,0.16062186571476844,-6.2559835594784765,0.30578918867764937,6.2559835594784765,0.0,1.7125307398005064e-07,1.7394489966658385e-19,True,False,FLOATING_D_NOT_CERTIFIED_REGRET
20262013,M2_16,300,interior_half,primary_interior,5.143037576828834,AVAILABLE,,0.02,0.05259262098465113,interior,lower_boundary,0.6469165225002728,0.7741107358304578,0.7163464974857452,0.05776423834471256,-4.170655706318985,2.3911170418371412,4.170655706318985,0.0,1.7125307398005064e-07,1.7394489966658385e-19,True,False,FLOATING_D_NOT_CERTIFIED_REGRET
20262013,M2_16,300,interior_three_quarters,primary_interior,7.228365429988326,AVAILABLE,,0.02,0.032677022493444396,interior,lower_boundary,0.6886230795634626,0.8158172928936476,0.8034316653216095,0.012385627572038094,-2.0853278531594928,4.476444894996633,2.0853278531594928,0.0,1.7125307398005064e-07,1.7394489966658385e-19,True,False,FLOATING_D_NOT_CERTIFIED_REGRET
20262013,M2_16,300,A_transition,secondary_boundary_or_transition,9.313693283147819,AVAILABLE,,0.02,0.02,lower_boundary,lower_boundary,0.7303296366266524,0.8575238499568374,0.8575238499568374,0.0,0.0,6.561772748156126,0.0,0.0,1.7125307398005064e-07,0.0,False,False,FLOATING_D_NOT_CERTIFIED_REGRET
20262013,M2_16,300,A_three_halves,secondary_boundary_or_transition,13.970539924721727,AVAILABLE,,0.02,0.02,lower_boundary,lower_boundary,0.8234665694581307,0.9506607827883156,0.9506607827883156,0.0,4.6568466415739085,11.218619389730033,0.0,0.0,1.7125307398005064e-07,0.0,False,False,FLOATING_D_NOT_CERTIFIED_REGRET
20262013,M2_16,3000,B_half,secondary_boundary_or_transition,0.48619093525492485,AVAILABLE,,0.2,0.2,upper_boundary,upper_boundary,0.19009700342900088,0.19553766073977313,0.19553766073977313,0.0,-0.48619093525492485,-1.4112378925220472,0.0,0.0,3.194488413707707e-07,0.0,False,False,FLOATING_D_NOT_CERTIFIED_REGRET
20262013,M2_16,3000,B_transition,secondary_boundary_or_transition,0.9723818705098497,AVAILABLE,,0.2,0.2,upper_boundary,upper_boundary,0.28733519047998585,0.2927758477907581,0.2927758477907581,0.0,0.0,-0.9250469572671223,0.0,0.0,3.194488413707707e-07,0.0,False,False,FLOATING_D_NOT_CERTIFIED_REGRET
20262013,M2_16,3000,interior_quarter,primary_interior,3.0577097236693422,AVAILABLE,,0.09699218750000001,0.09106390413362532,interior,interior_grid,0.5610728800242432,0.5724048714918346,0.5717823130524995,0.0006225584393351191,0.20669250184320953,0.0014356525233210071,0.20669250184320953,0.0014356525233210071,3.194488413707707e-07,1.7394489966658385e-19,False,False,FLOATING_D_NOT_CERTIFIED_REGRET
20262013,M2_16,3000,interior_half,primary_interior,5.143037576828834,AVAILABLE,,0.06060546875,0.05259262098465113,interior,interior_grid,0.7254214182846375,0.7187606506230606,0.7163464974857452,0.0024141531373154113,0.5842765592549704,0.003081641930964274,0.5842765592549704,0.003081641930964274,3.194488413707707e-07,1.7394489966658385e-19,False,False,FLOATING_D_NOT_CERTIFIED_REGRET
20262013,M2_16,3000,interior_three_quarters,primary_interior,7.228365429988326,AVAILABLE,,0.02,0.032677022493444396,interior,lower_boundary,0.8060404605460122,0.8158172928936476,0.8034316653216095,0.012385627572038094,-2.0853278531594928,0.33451993851645057,2.0853278531594928,0.0,3.194488413707707e-07,1.7394489966658385e-19,True,False,FLOATING_D_NOT_CERTIFIED_REGRET
20262013,M2_16,3000,A_transition,secondary_boundary_or_transition,9.313693283147819,AVAILABLE,,0.02,0.02,lower_boundary,lower_boundary,0.847747017609202,0.8575238499568374,0.8575238499568374,0.0,0.0,2.4198477916759433,0.0,0.0,3.194488413707707e-07,0.0,False,False,FLOATING_D_NOT_CERTIFIED_REGRET
20262013,M2_16,3000,A_three_halves,secondary_boundary_or_transition,13.970539924721727,AVAILABLE,,0.02,0.02,lower_boundary,lower_boundary,0.9408839504406803,0.9506607827883156,0.9506607827883156,0.0,4.6568466415739085,7.076694433249852,0.0,0.0,3.194488413707707e-07,0.0,False,False,FLOATING_D_NOT_CERTIFIED_REGRET
20262013,M1_32,300,B_half,secondary_boundary_or_transition,0.48619093525492485,AVAILABLE,,0.2,0.2,upper_boundary,upper_boundary,0.11618773976752594,0.19553766073977313,0.19553766073977313,0.0,-0.48619093525492485,-2.4538454458829757,0.0,0.0,1.742805303177191e-07,0.0,False,False,FLOATING_D_NOT_CERTIFIED_REGRET
20262013,M1_32,300,B_transition,secondary_boundary_or_transition,0.9723818705098497,AVAILABLE,,0.2,0.2,upper_boundary,upper_boundary,0.2134259268185109,0.2927758477907581,0.2927758477907581,0.0,0.0,-1.9676545106280507,0.0,0.0,1.742805303177191e-07,0.0,False,False,FLOATING_D_NOT_CERTIFIED_REGRET
20262013,M1_32,300,interior_quarter,primary_interior,3.0577097236693422,AVAILABLE,,0.02,0.09106390413362532,interior,lower_boundary,0.5842107913710791,0.7324041787672679,0.5717823130524995,0.16062186571476844,-6.2559835594784765,0.8510342617421403,6.2559835594784765,0.0,1.742805303177191e-07,1.7394489966658385e-19,True,False,FLOATING_D_NOT_CERTIFIED_REGRET
20262013,M1_32,300,interior_half,primary_interior,5.143037576828834,AVAILABLE,,0.02,0.05259262098465113,interior,lower_boundary,0.6259173484342689,0.7741107358304578,0.7163464974857452,0.05776423834471256,-4.170655706318985,2.936362114901632,4.170655706318985,0.0,1.742805303177191e-07,1.7394489966658385e-19,True,False,FLOATING_D_NOT_CERTIFIED_REGRET
20262013,M1_32,300,interior_three_quarters,primary_interior,7.228365429988326,AVAILABLE,,0.02,0.032677022493444396,interior,lower_boundary,0.6676239054974588,0.8158172928936476,0.8034316653216095,0.012385627572038094,-2.0853278531594928,5.021689968061124,2.0853278531594928,0.0,1.742805303177191e-07,1.7394489966658385e-19,True,False,FLOATING_D_NOT_CERTIFIED_REGRET
20262013,M1_32,300,A_transition,secondary_boundary_or_transition,9.313693283147819,AVAILABLE,,0.02,0.02,lower_boundary,lower_boundary,0.7093304625606486,0.8575238499568374,0.8575238499568374,0.0,0.0,7.107017821220617,0.0,0.0,1.742805303177191e-07,0.0,False,False,FLOATING_D_NOT_CERTIFIED_REGRET
20262013,M1_32,300,A_three_halves,secondary_boundary_or_transition,13.970539924721727,AVAILABLE,,0.02,0.02,lower_boundary,lower_boundary,0.8024673953921269,0.9506607827883156,0.9506607827883156,0.0,4.6568466415739085,11.763864462794526,0.0,0.0,1.742805303177191e-07,0.0,False,False,FLOATING_D_NOT_CERTIFIED_REGRET
20262013,M1_32,3000,B_half,secondary_boundary_or_transition,0.48619093525492485,AVAILABLE,,0.2,0.2,upper_boundary,upper_boundary,0.18221154784188864,0.19553766073977313,0.19553766073977313,0.0,-0.48619093525492485,-1.4930687366599935,0.0,0.0,3.3662825113770143e-07,0.0,False,False,FLOATING_D_NOT_CERTIFIED_REGRET
20262013,M1_32,3000,B_transition,secondary_boundary_or_transition,0.9723818705098497,AVAILABLE,,0.2,0.2,upper_boundary,upper_boundary,0.2794497348928736,0.2927758477907581,0.2927758477907581,0.0,0.0,-1.0068778014050686,0.0,0.0,3.3662825113770143e-07,0.0,False,False,FLOATING_D_NOT_CERTIFIED_REGRET
20262013,M1_32,3000,interior_quarter,primary_interior,3.0577097236693422,AVAILABLE,,0.09734375,0.09106390413362532,interior,interior_grid,0.5708657336894369,0.5724795858342147,0.5717823130524995,0.0006972727817151636,0.21833825309026844,-0.0021742755638087807,0.21833825309026844,0.0021742755638087807,3.3662825113770143e-07,1.7394489966658385e-19,False,False,FLOATING_D_NOT_CERTIFIED_REGRET
20262013,M1_32,3000,interior_half,primary_interior,5.143037576828834,AVAILABLE,,0.0484765625,0.05259262098465113,interior,interior_grid,0.7261380851783265,0.7170482491522397,0.7163464974857452,0.0007017516664945544,-0.34687721840278485,-0.0005382743189921158,0.34687721840278485,0.0005382743189921158,3.3662825113770143e-07,1.7394489966658385e-19,False,False,FLOATING_D_NOT_CERTIFIED_REGRET
20262013,M1_32,3000,interior_three_quarters,primary_interior,7.228365429988326,AVAILABLE,,0.02,0.032677022493444396,interior,lower_boundary,0.778013120605433,0.8158172928936476,0.8034316653216095,0.012385627572038094,-2.0853278531594928,1.464748655498723,2.0853278531594928,0.0,3.3662825113770143e-07,1.7394489966658385e-19,True,False,FLOATING_D_NOT_CERTIFIED_REGRET
20262013,M1_32,3000,A_transition,secondary_boundary_or_transition,9.313693283147819,AVAILABLE,,0.02,0.02,lower_boundary,lower_boundary,0.8197196776686229,0.8575238499568374,0.8575238499568374,0.0,0.0,3.550076508658216,0.0,0.0,3.3662825113770143e-07,0.0,False,False,FLOATING_D_NOT_CERTIFIED_REGRET
20262013,M1_32,3000,A_three_halves,secondary_boundary_or_transition,13.970539924721727,AVAILABLE,,0.02,0.02,lower_boundary,lower_boundary,0.912856610500101,0.9506607827883156,0.9506607827883156,0.0,4.6568466415739085,8.206923150232125,0.0,0.0,3.3662825113770143e-07,0.0,False,False,FLOATING_D_NOT_CERTIFIED_REGRET
20262014,M1_16,300,B_half,secondary_boundary_or_transition,0.48619093525492485,AVAILABLE,,0.2,0.2,upper_boundary,upper_boundary,0.1273233329304559,0.19553766073977313,0.19553766073977313,0.0,-0.48619093525492485,-1.5526508446181362,0.0,0.0,2.0947605156640092e-07,0.0,False,False,FLOATING_D_NOT_CERTIFIED_REGRET
20262014,M1_16,300,B_transition,secondary_boundary_or_transition,0.9723818705098497,AVAILABLE,,0.2,0.2,upper_boundary,upper_boundary,0.22456151998144086,0.2927758477907581,0.2927758477907581,0.0,0.0,-1.0664599093632112,0.0,0.0,2.0947605156640092e-07,0.0,False,False,FLOATING_D_NOT_CERTIFIED_REGRET
20262014,M1_16,300,interior_quarter,primary_interior,3.0577097236693422,AVAILABLE,,0.02,0.09106390413362532,interior,lower_boundary,0.5577146412420304,0.7324041787672679,0.5717823130524995,0.16062186571476844,-6.2559835594784765,2.109559353881605,6.2559835594784765,0.0,2.0947605156640092e-07,1.7394489966658385e-19,True,False,FLOATING_D_NOT_CERTIFIED_REGRET
20262014,M1_16,300,interior_half,primary_interior,5.143037576828834,AVAILABLE,,0.02,0.05259262098465113,interior,lower_boundary,0.5994211983052202,0.7741107358304578,0.7163464974857452,0.05776423834471256,-4.170655706318985,4.194887207041097,4.170655706318985,0.0,2.0947605156640092e-07,1.7394489966658385e-19,True,False,FLOATING_D_NOT_CERTIFIED_REGRET
20262014,M1_16,300,interior_three_quarters,primary_interior,7.228365429988326,AVAILABLE,,0.02,0.032677022493444396,interior,lower_boundary,0.64112775536841,0.8158172928936476,0.8034316653216095,0.012385627572038094,-2.0853278531594928,6.280215060200589,2.0853278531594928,0.0,2.0947605156640092e-07,1.7394489966658385e-19,True,False,FLOATING_D_NOT_CERTIFIED_REGRET
20262014,M1_16,300,A_transition,secondary_boundary_or_transition,9.313693283147819,AVAILABLE,,0.02,0.02,lower_boundary,lower_boundary,0.6828343124315999,0.8575238499568374,0.8575238499568374,0.0,0.0,8.36554291336008,0.0,0.0,2.0947605156640092e-07,0.0,False,False,FLOATING_D_NOT_CERTIFIED_REGRET
20262014,M1_16,300,A_three_halves,secondary_boundary_or_transition,13.970539924721727,AVAILABLE,,0.02,0.02,lower_boundary,lower_boundary,0.775971245263078,0.9506607827883156,0.9506607827883156,0.0,4.6568466415739085,13.02238955493399,0.0,0.0,2.0947605156640092e-07,0.0,False,False,FLOATING_D_NOT_CERTIFIED_REGRET
20262014,M1_16,3000,B_half,secondary_boundary_or_transition,0.48619093525492485,AVAILABLE,,0.18083984375,0.2,upper_boundary,interior_grid,0.20748460197217616,0.2067534283640824,0.19553766073977313,0.011215767624309259,-0.6913193296912986,-0.0009020686613164242,0.6913193296912986,0.0009020686613164242,2.6997642692804026e-07,0.0,True,False,FLOATING_D_NOT_CERTIFIED_REGRET
20262014,M1_16,3000,B_transition,secondary_boundary_or_transition,0.9723818705098497,AVAILABLE,,0.16501953125000002,0.2,upper_boundary,interior_grid,0.2914844258560083,0.2994847736957561,0.2927758477907581,0.006708925904997998,-0.40849090957649925,-0.0008406326509199369,0.40849090957649925,0.0008406326509199369,2.6997642692804026e-07,0.0,True,False,FLOATING_D_NOT_CERTIFIED_REGRET
20262014,M1_16,3000,interior_quarter,primary_interior,3.0577097236693422,AVAILABLE,,0.10982421875000001,0.09106390413362532,interior,interior_grid,0.5764568790676726,0.5776196083175812,0.5717823130524995,0.005837295265081699,0.5936173352427634,-0.0004705425966395893,0.5936173352427634,0.0004705425966395893,2.6997642692804026e-07,1.7394489966658385e-19,False,False,FLOATING_D_NOT_CERTIFIED_REGRET
20262014,M1_16,3000,interior_half,primary_interior,5.143037576828834,AVAILABLE,,0.02,0.05259262098465113,interior,lower_boundary,0.701216383655707,0.7741107358304578,0.7163464974857452,0.05776423834471256,-4.170655706318985,1.4349472312597986,4.170655706318985,0.0,2.6997642692804026e-07,1.7394489966658385e-19,True,False,FLOATING_D_NOT_CERTIFIED_REGRET
20262014,M1_16,3000,interior_three_quarters,primary_interior,7.228365429988326,AVAILABLE,,0.02,0.032677022493444396,interior,lower_boundary,0.7429229407188969,0.8158172928936476,0.8034316653216095,0.012385627572038094,-2.0853278531594928,3.5202750844192905,2.0853278531594928,0.0,2.6997642692804026e-07,1.7394489966658385e-19,True,False,FLOATING_D_NOT_CERTIFIED_REGRET
20262014,M1_16,3000,A_transition,secondary_boundary_or_transition,9.313693283147819,AVAILABLE,,0.02,0.02,lower_boundary,lower_boundary,0.7846294977820867,0.8575238499568374,0.8575238499568374,0.0,0.0,5.605602937578784,0.0,0.0,2.6997642692804026e-07,0.0,False,False,FLOATING_D_NOT_CERTIFIED_REGRET
20262014,M1_16,3000,A_three_halves,secondary_boundary_or_transition,13.970539924721727,AVAILABLE,,0.02,0.02,lower_boundary,lower_boundary,0.8777664306135649,0.9506607827883156,0.9506607827883156,0.0,4.6568466415739085,10.262449579152692,0.0,0.0,2.6997642692804026e-07,0.0,False,False,FLOATING_D_NOT_CERTIFIED_REGRET
20262014,M2_16,300,B_half,secondary_boundary_or_transition,0.48619093525492485,AVAILABLE,,0.2,0.2,upper_boundary,upper_boundary,0.10511825643627212,0.19553766073977313,0.19553766073977313,0.0,-0.48619093525492485,-1.4683125928451313,0.0,0.0,2.0018031311219447e-07,0.0,False,False,FLOATING_D_NOT_CERTIFIED_REGRET
20262014,M2_16,300,B_transition,secondary_boundary_or_transition,0.9723818705098497,AVAILABLE,,0.2,0.2,upper_boundary,upper_boundary,0.2023564434872571,0.2927758477907581,0.2927758477907581,0.0,0.0,-0.9821216575902065,0.0,0.0,2.0018031311219447e-07,0.0,False,False,FLOATING_D_NOT_CERTIFIED_REGRET
20262014,M2_16,300,interior_quarter,primary_interior,3.0577097236693422,AVAILABLE,,0.02,0.09106390413362532,interior,lower_boundary,0.5866588458325214,0.7324041787672679,0.5717823130524995,0.16062186571476844,-6.2559835594784765,1.3831032308933315,6.2559835594784765,0.0,2.0018031311219447e-07,1.7394489966658385e-19,True,False,FLOATING_D_NOT_CERTIFIED_REGRET
20262014,M2_16,300,interior_half,primary_interior,5.143037576828834,AVAILABLE,,0.02,0.05259262098465113,interior,lower_boundary,0.6283654028957112,0.7741107358304578,0.7163464974857452,0.05776423834471256,-4.170655706318985,3.468431084052823,4.170655706318985,0.0,2.0018031311219447e-07,1.7394489966658385e-19,True,False,FLOATING_D_NOT_CERTIFIED_REGRET
20262014,M2_16,300,interior_three_quarters,primary_interior,7.228365429988326,AVAILABLE,,0.02,0.032677022493444396,interior,lower_boundary,0.670071959958901,0.8158172928936476,0.8034316653216095,0.012385627572038094,-2.0853278531594928,5.553758937212315,2.0853278531594928,0.0,2.0018031311219447e-07,1.7394489966658385e-19,True,False,FLOATING_D_NOT_CERTIFIED_REGRET
20262014,M2_16,300,A_transition,secondary_boundary_or_transition,9.313693283147819,AVAILABLE,,0.02,0.02,lower_boundary,lower_boundary,0.7117785170220908,0.8575238499568374,0.8575238499568374,0.0,0.0,7.639086790371808,0.0,0.0,2.0018031311219447e-07,0.0,False,False,FLOATING_D_NOT_CERTIFIED_REGRET
20262014,M2_16,300,A_three_halves,secondary_boundary_or_transition,13.970539924721727,AVAILABLE,,0.02,0.02,lower_boundary,lower_boundary,0.8049154498535691,0.9506607827883156,0.9506607827883156,0.0,4.6568466415739085,12.295933431945716,0.0,0.0,2.0018031311219447e-07,0.0,False,False,FLOATING_D_NOT_CERTIFIED_REGRET
20262014,M2_16,3000,B_half,secondary_boundary_or_transition,0.48619093525492485,AVAILABLE,,0.2,0.2,upper_boundary,upper_boundary,0.19504597934529316,0.19553766073977313,0.19553766073977313,0.0,-0.48619093525492485,-0.7560893268987144,0.0,0.0,3.883429066034872e-07,0.0,False,False,FLOATING_D_NOT_CERTIFIED_REGRET
20262014,M2_16,3000,B_transition,secondary_boundary_or_transition,0.9723818705098497,AVAILABLE,,0.2,0.2,upper_boundary,upper_boundary,0.29228416639627813,0.2927758477907581,0.2927758477907581,0.0,0.0,-0.2698983916437896,0.0,0.0,3.883429066034872e-07,0.0,False,False,FLOATING_D_NOT_CERTIFIED_REGRET
20262014,M2_16,3000,interior_quarter,primary_interior,3.0577097236693422,AVAILABLE,,0.09312500000000001,0.09106390413362532,interior,interior_grid,0.5651032610862827,0.5718591639206814,0.5717823130524995,7.685086818187692e-05,0.07414912995382128,-0.0014738236602225285,0.07414912995382128,0.0014738236602225285,3.883429066034872e-07,1.7394489966658385e-19,False,False,FLOATING_D_NOT_CERTIFIED_REGRET
20262014,M2_16,3000,interior_half,primary_interior,5.143037576828834,AVAILABLE,,0.058144531250000006,0.05259262098465113,interior,interior_grid,0.7206155671112592,0.7175275207410302,0.7163464974857452,0.0011810232552850186,0.41631228599497927,0.0027051128089432552,0.41631228599497927,0.0027051128089432552,3.883429066034872e-07,1.7394489966658385e-19,False,False,FLOATING_D_NOT_CERTIFIED_REGRET
20262014,M2_16,3000,interior_three_quarters,primary_interior,7.228365429988326,AVAILABLE,,0.02720703125,0.032677022493444396,interior,interior_grid,0.8102738406541127,0.8055728969626789,0.8034316653216095,0.0021412316410693855,-0.8042638697641724,-0.000611843906686893,0.8042638697641724,0.000611843906686893,3.883429066034872e-07,1.7394489966658385e-19,False,False,FLOATING_D_NOT_CERTIFIED_REGRET
20262014,M2_16,3000,A_transition,secondary_boundary_or_transition,9.313693283147819,AVAILABLE,,0.02,0.02,lower_boundary,lower_boundary,0.8534647382094851,0.8575238499568374,0.8575238499568374,0.0,0.0,1.6841270975875497,0.0,0.0,3.883429066034872e-07,0.0,False,False,FLOATING_D_NOT_CERTIFIED_REGRET
20262014,M2_16,3000,A_three_halves,secondary_boundary_or_transition,13.970539924721727,AVAILABLE,,0.02,0.02,lower_boundary,lower_boundary,0.9466016710409633,0.9506607827883156,0.9506607827883156,0.0,4.6568466415739085,6.340973739161458,0.0,0.0,3.883429066034872e-07,0.0,False,False,FLOATING_D_NOT_CERTIFIED_REGRET
20262014,M1_32,300,B_half,secondary_boundary_or_transition,0.48619093525492485,AVAILABLE,,0.2,0.2,upper_boundary,upper_boundary,0.12701211200486065,0.19553766073977313,0.19553766073977313,0.0,-0.48619093525492485,-1.5574094805248082,0.0,0.0,2.0944336972635552e-07,0.0,False,False,FLOATING_D_NOT_CERTIFIED_REGRET
20262014,M1_32,300,B_transition,secondary_boundary_or_transition,0.9723818705098497,AVAILABLE,,0.2,0.2,upper_boundary,upper_boundary,0.22425029905584562,0.2927758477907581,0.2927758477907581,0.0,0.0,-1.0712185452698832,0.0,0.0,2.0944336972635552e-07,0.0,False,False,FLOATING_D_NOT_CERTIFIED_REGRET
20262014,M1_32,300,interior_quarter,primary_interior,3.0577097236693422,AVAILABLE,,0.02,0.09106390413362532,interior,lower_boundary,0.5584139982643215,0.7324041787672679,0.5717823130524995,0.16062186571476844,-6.2559835594784765,2.103999521807745,6.2559835594784765,0.0,2.0944336972635552e-07,1.7394489966658385e-19,True,False,FLOATING_D_NOT_CERTIFIED_REGRET
20262014,M1_32,300,interior_half,primary_interior,5.143037576828834,AVAILABLE,,0.02,0.05259262098465113,interior,lower_boundary,0.6001205553275113,0.7741107358304578,0.7163464974857452,0.05776423834471256,-4.170655706318985,4.189327374967236,4.170655706318985,0.0,2.0944336972635552e-07,1.7394489966658385e-19,True,False,FLOATING_D_NOT_CERTIFIED_REGRET
20262014,M1_32,300,interior_three_quarters,primary_interior,7.228365429988326,AVAILABLE,,0.02,0.032677022493444396,interior,lower_boundary,0.6418271123907011,0.8158172928936476,0.8034316653216095,0.012385627572038094,-2.0853278531594928,6.274655228126728,2.0853278531594928,0.0,2.0944336972635552e-07,1.7394489966658385e-19,True,False,FLOATING_D_NOT_CERTIFIED_REGRET
20262014,M1_32,300,A_transition,secondary_boundary_or_transition,9.313693283147819,AVAILABLE,,0.02,0.02,lower_boundary,lower_boundary,0.6835336694538909,0.8575238499568374,0.8575238499568374,0.0,0.0,8.359983081286222,0.0,0.0,2.0944336972635552e-07,0.0,False,False,FLOATING_D_NOT_CERTIFIED_REGRET
20262014,M1_32,300,A_three_halves,secondary_boundary_or_transition,13.970539924721727,AVAILABLE,,0.02,0.02,lower_boundary,lower_boundary,0.7766706022853691,0.9506607827883156,0.9506607827883156,0.0,4.6568466415739085,13.01682972286013,0.0,0.0,2.0944336972635552e-07,0.0,False,False,FLOATING_D_NOT_CERTIFIED_REGRET
20262014,M1_32,3000,B_half,secondary_boundary_or_transition,0.48619093525492485,AVAILABLE,,0.181015625,0.2,upper_boundary,interior_grid,0.207465811231828,0.20663208968904467,0.19553766073977313,0.01109442894927154,-0.6892457878757442,0.0007593616674648196,0.6892457878757442,0.0007593616674648196,2.7012379913104897e-07,0.0,True,False,FLOATING_D_NOT_CERTIFIED_REGRET
20262014,M1_32,3000,B_transition,secondary_boundary_or_transition,0.9723818705098497,AVAILABLE,,0.16501953125000002,0.2,upper_boundary,interior_grid,0.29148883845332807,0.2994847736957561,0.2927758477907581,0.006708925904997998,-0.40849090957649925,-0.00046253174215282744,0.40849090957649925,0.00046253174215282744,2.7012379913104897e-07,0.0,True,False,FLOATING_D_NOT_CERTIFIED_REGRET
20262014,M1_32,3000,interior_quarter,primary_interior,3.0577097236693422,AVAILABLE,,0.10964843750000001,0.09106390413362532,interior,interior_grid,0.5762231507881606,0.5775156848903505,0.5717823130524995,0.005733371837851053,0.5887983078146117,-0.0028478968369025637,0.5887983078146117,0.0028478968369025637,2.7012379913104897e-07,1.7394489966658385e-19,False,False,FLOATING_D_NOT_CERTIFIED_REGRET
20262014,M1_32,3000,interior_half,primary_interior,5.143037576828834,AVAILABLE,,0.02,0.05259262098465113,interior,lower_boundary,0.7029960739751624,0.7741107358304578,0.7163464974857452,0.05776423834471256,-4.170655706318985,1.3784709906472044,4.170655706318985,0.0,2.7012379913104897e-07,1.7394489966658385e-19,True,False,FLOATING_D_NOT_CERTIFIED_REGRET
20262014,M1_32,3000,interior_three_quarters,primary_interior,7.228365429988326,AVAILABLE,,0.02,0.032677022493444396,interior,lower_boundary,0.7447026310383522,0.8158172928936476,0.8034316653216095,0.012385627572038094,-2.0853278531594928,3.4637988438066962,2.0853278531594928,0.0,2.7012379913104897e-07,1.7394489966658385e-19,True,False,FLOATING_D_NOT_CERTIFIED_REGRET
20262014,M1_32,3000,A_transition,secondary_boundary_or_transition,9.313693283147819,AVAILABLE,,0.02,0.02,lower_boundary,lower_boundary,0.786409188101542,0.8575238499568374,0.8575238499568374,0.0,0.0,5.549126696966189,0.0,0.0,2.7012379913104897e-07,0.0,False,False,FLOATING_D_NOT_CERTIFIED_REGRET
20262014,M1_32,3000,A_three_halves,secondary_boundary_or_transition,13.970539924721727,AVAILABLE,,0.02,0.02,lower_boundary,lower_boundary,0.8795461209330202,0.9506607827883156,0.9506607827883156,0.0,4.6568466415739085,10.205973338540097,0.0,0.0,2.7012379913104897e-07,0.0,False,False,FLOATING_D_NOT_CERTIFIED_REGRET
20262015,M1_16,300,B_half,secondary_boundary_or_transition,0.48619093525492485,AVAILABLE,,0.2,0.2,upper_boundary,upper_boundary,0.11652139502211475,0.19553766073977313,0.19553766073977313,0.0,-0.48619093525492485,-2.485698541151147,0.0,0.0,1.416343122936157e-07,0.0,False,False,FLOATING_D_NOT_CERTIFIED_REGRET
20262015,M1_16,300,B_transition,secondary_boundary_or_transition,0.9723818705098497,AVAILABLE,,0.2,0.2,upper_boundary,upper_boundary,0.21375958207309972,0.2927758477907581,0.2927758477907581,0.0,0.0,-1.9995076058962222,0.0,0.0,1.416343122936157e-07,0.0,False,False,FLOATING_D_NOT_CERTIFIED_REGRET
20262015,M1_16,300,interior_quarter,primary_interior,3.0577097236693422,AVAILABLE,,0.02,0.09106390413362532,interior,lower_boundary,0.5852757611851217,0.7324041787672679,0.5717823130524995,0.16062186571476844,-6.2559835594784765,0.8000348413722951,6.2559835594784765,0.0,1.416343122936157e-07,1.7394489966658385e-19,True,False,FLOATING_D_NOT_CERTIFIED_REGRET
20262015,M1_16,300,interior_half,primary_interior,5.143037576828834,AVAILABLE,,0.02,0.05259262098465113,interior,lower_boundary,0.6269823182483115,0.7741107358304578,0.7163464974857452,0.05776423834471256,-4.170655706318985,2.885362694531787,4.170655706318985,0.0,1.416343122936157e-07,1.7394489966658385e-19,True,False,FLOATING_D_NOT_CERTIFIED_REGRET
20262015,M1_16,300,interior_three_quarters,primary_interior,7.228365429988326,AVAILABLE,,0.02,0.032677022493444396,interior,lower_boundary,0.6686888753115013,0.8158172928936476,0.8034316653216095,0.012385627572038094,-2.0853278531594928,4.970690547691278,2.0853278531594928,0.0,1.416343122936157e-07,1.7394489966658385e-19,True,False,FLOATING_D_NOT_CERTIFIED_REGRET
20262015,M1_16,300,A_transition,secondary_boundary_or_transition,9.313693283147819,AVAILABLE,,0.02,0.02,lower_boundary,lower_boundary,0.7103954323746912,0.8575238499568374,0.8575238499568374,0.0,0.0,7.056018400850771,0.0,0.0,1.416343122936157e-07,0.0,False,False,FLOATING_D_NOT_CERTIFIED_REGRET
20262015,M1_16,300,A_three_halves,secondary_boundary_or_transition,13.970539924721727,AVAILABLE,,0.02,0.02,lower_boundary,lower_boundary,0.8035323652061694,0.9506607827883156,0.9506607827883156,0.0,4.6568466415739085,11.71286504242468,0.0,0.0,1.416343122936157e-07,0.0,False,False,FLOATING_D_NOT_CERTIFIED_REGRET
20262015,M1_16,3000,B_half,secondary_boundary_or_transition,0.48619093525492485,AVAILABLE,,0.2,0.2,upper_boundary,upper_boundary,0.17528718354415385,0.19553766073977313,0.19553766073977313,0.0,-0.48619093525492485,-2.1141162637665802,0.0,0.0,3.4424471121187545e-07,0.0,False,False,FLOATING_D_NOT_CERTIFIED_REGRET
20262015,M1_16,3000,B_transition,secondary_boundary_or_transition,0.9723818705098497,AVAILABLE,,0.2,0.2,upper_boundary,upper_boundary,0.2725253705951388,0.2927758477907581,0.2927758477907581,0.0,0.0,-1.6279253285116553,0.0,0.0,3.4424471121187545e-07,0.0,False,False,FLOATING_D_NOT_CERTIFIED_REGRET
20262015,M1_16,3000,interior_quarter,primary_interior,3.0577097236693422,AVAILABLE,,0.0976953125,0.09106390413362532,interior,interior_grid,0.5661127348835815,0.5725583829892014,0.5717823130524995,0.0007760699367018731,0.22991926310295385,0.0021612217695725633,0.22991926310295385,0.0021612217695725633,3.4424471121187545e-07,1.7394489966658385e-19,False,False,FLOATING_D_NOT_CERTIFIED_REGRET
20262015,M1_16,3000,interior_half,primary_interior,5.143037576828834,AVAILABLE,,0.05304687500000001,0.05259262098465113,interior,interior_grid,0.7275026529617032,0.7163547288008574,0.7163464974857452,8.231315112183779e-06,0.03617454638358364,-0.0005446155211989989,0.03617454638358364,0.0005446155211989989,3.4424471121187545e-07,1.7394489966658385e-19,False,False,FLOATING_D_NOT_CERTIFIED_REGRET
20262015,M1_16,3000,interior_three_quarters,primary_interior,7.228365429988326,AVAILABLE,,0.02,0.032677022493444396,interior,lower_boundary,0.7813095705310228,0.8158172928936476,0.8034316653216095,0.012385627572038094,-2.0853278531594928,1.4935251865299994,2.0853278531594928,0.0,3.4424471121187545e-07,1.7394489966658385e-19,True,False,FLOATING_D_NOT_CERTIFIED_REGRET
20262015,M1_16,3000,A_transition,secondary_boundary_or_transition,9.313693283147819,AVAILABLE,,0.02,0.02,lower_boundary,lower_boundary,0.8230161275942126,0.8575238499568374,0.8575238499568374,0.0,0.0,3.578853039689492,0.0,0.0,3.4424471121187545e-07,0.0,False,False,FLOATING_D_NOT_CERTIFIED_REGRET
20262015,M1_16,3000,A_three_halves,secondary_boundary_or_transition,13.970539924721727,AVAILABLE,,0.02,0.02,lower_boundary,lower_boundary,0.9161530604256909,0.9506607827883156,0.9506607827883156,0.0,4.6568466415739085,8.235699681263402,0.0,0.0,3.4424471121187545e-07,0.0,False,False,FLOATING_D_NOT_CERTIFIED_REGRET
20262015,M2_16,300,B_half,secondary_boundary_or_transition,0.48619093525492485,AVAILABLE,,0.2,0.2,upper_boundary,upper_boundary,0.09884581240858563,0.19553766073977313,0.19553766073977313,0.0,-0.48619093525492485,-2.6356346444960073,0.0,0.0,1.197616570743258e-07,0.0,False,False,FLOATING_D_NOT_CERTIFIED_REGRET
20262015,M2_16,300,B_transition,secondary_boundary_or_transition,0.9723818705098497,AVAILABLE,,0.2,0.2,upper_boundary,upper_boundary,0.19608399945957058,0.2927758477907581,0.2927758477907581,0.0,0.0,-2.1494437092410825,0.0,0.0,1.197616570743258e-07,0.0,False,False,FLOATING_D_NOT_CERTIFIED_REGRET
20262015,M2_16,300,interior_quarter,primary_interior,3.0577097236693422,AVAILABLE,,0.02,0.09106390413362532,interior,lower_boundary,0.6035738083228749,0.7324041787672679,0.5717823130524995,0.16062186571476844,-6.2559835594784765,0.3546455954446386,6.2559835594784765,0.0,1.197616570743258e-07,1.7394489966658385e-19,True,False,FLOATING_D_NOT_CERTIFIED_REGRET
20262015,M2_16,300,interior_half,primary_interior,5.143037576828834,AVAILABLE,,0.02,0.05259262098465113,interior,lower_boundary,0.6452803653860647,0.7741107358304578,0.7163464974857452,0.05776423834471256,-4.170655706318985,2.4399734486041305,4.170655706318985,0.0,1.197616570743258e-07,1.7394489966658385e-19,True,False,FLOATING_D_NOT_CERTIFIED_REGRET
20262015,M2_16,300,interior_three_quarters,primary_interior,7.228365429988326,AVAILABLE,,0.02,0.032677022493444396,interior,lower_boundary,0.6869869224492545,0.8158172928936476,0.8034316653216095,0.012385627572038094,-2.0853278531594928,4.525301301763623,2.0853278531594928,0.0,1.197616570743258e-07,1.7394489966658385e-19,True,False,FLOATING_D_NOT_CERTIFIED_REGRET
20262015,M2_16,300,A_transition,secondary_boundary_or_transition,9.313693283147819,AVAILABLE,,0.02,0.02,lower_boundary,lower_boundary,0.7286934795124443,0.8575238499568374,0.8575238499568374,0.0,0.0,6.6106291549231155,0.0,0.0,1.197616570743258e-07,0.0,False,False,FLOATING_D_NOT_CERTIFIED_REGRET
20262015,M2_16,300,A_three_halves,secondary_boundary_or_transition,13.970539924721727,AVAILABLE,,0.02,0.02,lower_boundary,lower_boundary,0.8218304123439226,0.9506607827883156,0.9506607827883156,0.0,4.6568466415739085,11.267475796497024,0.0,0.0,1.197616570743258e-07,0.0,False,False,FLOATING_D_NOT_CERTIFIED_REGRET
20262015,M2_16,3000,B_half,secondary_boundary_or_transition,0.48619093525492485,AVAILABLE,,0.2,0.2,upper_boundary,upper_boundary,0.19105975903372352,0.19553766073977313,0.19553766073977313,0.0,-0.48619093525492485,-1.3238400548115599,0.0,0.0,3.854519821353374e-07,0.0,False,False,FLOATING_D_NOT_CERTIFIED_REGRET
20262015,M2_16,3000,B_transition,secondary_boundary_or_transition,0.9723818705098497,AVAILABLE,,0.2,0.2,upper_boundary,upper_boundary,0.2882979460847085,0.2927758477907581,0.2927758477907581,0.0,0.0,-0.8376491195566351,0.0,0.0,3.854519821353374e-07,0.0,False,False,FLOATING_D_NOT_CERTIFIED_REGRET
20262015,M2_16,3000,interior_quarter,primary_interior,3.0577097236693422,AVAILABLE,,0.09576171875000002,0.09106390413362532,interior,interior_grid,0.5620428306986744,0.5721758553023144,0.5717823130524995,0.0003935422498149155,0.1654142841327486,0.004268855035253427,0.1654142841327486,0.004268855035253427,3.854519821353374e-07,1.7394489966658385e-19,False,False,FLOATING_D_NOT_CERTIFIED_REGRET
20262015,M2_16,3000,interior_half,primary_interior,5.143037576828834,AVAILABLE,,0.05972656250000001,0.05259262098465113,interior,interior_grid,0.7233963666312149,0.718272927329634,0.7163464974857452,0.0019264298438887995,0.5253692283535942,0.003667192808164188,0.5253692283535942,0.003667192808164188,3.854519821353374e-07,1.7394489966658385e-19,False,False,FLOATING_D_NOT_CERTIFIED_REGRET
20262015,M2_16,3000,interior_three_quarters,primary_interior,7.228365429988326,AVAILABLE,,0.02,0.032677022493444396,interior,lower_boundary,0.8081876675417785,0.8158172928936476,0.8034316653216095,0.012385627572038094,-2.0853278531594928,0.022662013134489456,2.0853278531594928,0.0,3.854519821353374e-07,1.7394489966658385e-19,True,False,FLOATING_D_NOT_CERTIFIED_REGRET
20262015,M2_16,3000,A_transition,secondary_boundary_or_transition,9.313693283147819,AVAILABLE,,0.02,0.02,lower_boundary,lower_boundary,0.8498942246049683,0.8575238499568374,0.8575238499568374,0.0,0.0,2.107989866293982,0.0,0.0,3.854519821353374e-07,0.0,False,False,FLOATING_D_NOT_CERTIFIED_REGRET
20262015,M2_16,3000,A_three_halves,secondary_boundary_or_transition,13.970539924721727,AVAILABLE,,0.02,0.02,lower_boundary,lower_boundary,0.9430311574364465,0.9506607827883156,0.9506607827883156,0.0,4.6568466415739085,6.764836507867891,0.0,0.0,3.854519821353374e-07,0.0,False,False,FLOATING_D_NOT_CERTIFIED_REGRET
20262015,M1_32,300,B_half,secondary_boundary_or_transition,0.48619093525492485,AVAILABLE,,0.2,0.2,upper_boundary,upper_boundary,0.11634656323722652,0.19553766073977313,0.19553766073977313,0.0,-0.48619093525492485,-2.489947645507642,0.0,0.0,1.414725268655417e-07,0.0,False,False,FLOATING_D_NOT_CERTIFIED_REGRET
20262015,M1_32,300,B_transition,secondary_boundary_or_transition,0.9723818705098497,AVAILABLE,,0.2,0.2,upper_boundary,upper_boundary,0.2135847502882115,0.2927758477907581,0.2927758477907581,0.0,0.0,-2.003756710252717,0.0,0.0,1.414725268655417e-07,0.0,False,False,FLOATING_D_NOT_CERTIFIED_REGRET
20262015,M1_32,300,interior_quarter,primary_interior,3.0577097236693422,AVAILABLE,,0.02,0.09106390413362532,interior,lower_boundary,0.5858442213405838,0.7324041787672679,0.5717823130524995,0.16062186571476844,-6.2559835594784765,0.7951497463367847,6.2559835594784765,0.0,1.414725268655417e-07,1.7394489966658385e-19,True,False,FLOATING_D_NOT_CERTIFIED_REGRET
20262015,M1_32,300,interior_half,primary_interior,5.143037576828834,AVAILABLE,,0.02,0.05259262098465113,interior,lower_boundary,0.6275507784037736,0.7741107358304578,0.7163464974857452,0.05776423834471256,-4.170655706318985,2.8804775994962766,4.170655706318985,0.0,1.414725268655417e-07,1.7394489966658385e-19,True,False,FLOATING_D_NOT_CERTIFIED_REGRET
20262015,M1_32,300,interior_three_quarters,primary_interior,7.228365429988326,AVAILABLE,,0.02,0.032677022493444396,interior,lower_boundary,0.6692573354669634,0.8158172928936476,0.8034316653216095,0.012385627572038094,-2.0853278531594928,4.9658054526557684,2.0853278531594928,0.0,1.414725268655417e-07,1.7394489966658385e-19,True,False,FLOATING_D_NOT_CERTIFIED_REGRET
20262015,M1_32,300,A_transition,secondary_boundary_or_transition,9.313693283147819,AVAILABLE,,0.02,0.02,lower_boundary,lower_boundary,0.7109638925301532,0.8575238499568374,0.8575238499568374,0.0,0.0,7.051133305815261,0.0,0.0,1.414725268655417e-07,0.0,False,False,FLOATING_D_NOT_CERTIFIED_REGRET
20262015,M1_32,300,A_three_halves,secondary_boundary_or_transition,13.970539924721727,AVAILABLE,,0.02,0.02,lower_boundary,lower_boundary,0.8041008253616315,0.9506607827883156,0.9506607827883156,0.0,4.6568466415739085,11.70797994738917,0.0,0.0,1.414725268655417e-07,0.0,False,False,FLOATING_D_NOT_CERTIFIED_REGRET
20262015,M1_32,3000,B_half,secondary_boundary_or_transition,0.48619093525492485,AVAILABLE,,0.2,0.2,upper_boundary,upper_boundary,0.1757742616642415,0.19553766073977313,0.19553766073977313,0.0,-0.48619093525492485,-2.110506784874489,0.0,0.0,3.418776076854307e-07,0.0,False,False,FLOATING_D_NOT_CERTIFIED_REGRET
20262015,M1_32,3000,B_transition,secondary_boundary_or_transition,0.9723818705098497,AVAILABLE,,0.2,0.2,upper_boundary,upper_boundary,0.27301244871522645,0.2927758477907581,0.2927758477907581,0.0,0.0,-1.624315849619564,0.0,0.0,3.418776076854307e-07,0.0,False,False,FLOATING_D_NOT_CERTIFIED_REGRET
20262015,M1_32,3000,interior_quarter,primary_interior,3.0577097236693422,AVAILABLE,,0.0976953125,0.09106390413362532,interior,interior_grid,0.5659873858186237,0.5725583829892014,0.5717823130524995,0.0007760699367018731,0.22991926310295385,-0.0020519743809201962,0.22991926310295385,0.0020519743809201962,3.418776076854307e-07,1.7394489966658385e-19,False,False,FLOATING_D_NOT_CERTIFIED_REGRET
20262015,M1_32,3000,interior_half,primary_interior,5.143037576828834,AVAILABLE,,0.05357421875,0.05259262098465113,interior,interior_grid,0.7277055562441814,0.7163847705603199,0.7163464974857452,3.827307457471285e-05,0.0776734680094533,0.0022415208707560197,0.0776734680094533,0.0022415208707560197,3.418776076854307e-07,1.7394489966658385e-19,False,False,FLOATING_D_NOT_CERTIFIED_REGRET
20262015,M1_32,3000,interior_three_quarters,primary_interior,7.228365429988326,AVAILABLE,,0.02,0.032677022493444396,interior,lower_boundary,0.7823016753015956,0.8158172928936476,0.8034316653216095,0.012385627572038094,-2.0853278531594928,1.4587177575441874,2.0853278531594928,0.0,3.418776076854307e-07,1.7394489966658385e-19,True,False,FLOATING_D_NOT_CERTIFIED_REGRET
20262015,M1_32,3000,A_transition,secondary_boundary_or_transition,9.313693283147819,AVAILABLE,,0.02,0.02,lower_boundary,lower_boundary,0.8240082323647854,0.8575238499568374,0.8575238499568374,0.0,0.0,3.54404561070368,0.0,0.0,3.418776076854307e-07,0.0,False,False,FLOATING_D_NOT_CERTIFIED_REGRET
20262015,M1_32,3000,A_three_halves,secondary_boundary_or_transition,13.970539924721727,AVAILABLE,,0.02,0.02,lower_boundary,lower_boundary,0.9171451651962637,0.9506607827883156,0.9506607827883156,0.0,4.6568466415739085,8.200892252277589,0.0,0.0,3.418776076854307e-07,0.0,False,False,FLOATING_D_NOT_CERTIFIED_REGRET
20262016,M1_16,300,B_half,secondary_boundary_or_transition,0.48619093525492485,AVAILABLE,,0.2,0.2,upper_boundary,upper_boundary,0.12303259408363025,0.19553766073977313,0.19553766073977313,0.0,-0.48619093525492485,-2.1666427623323132,0.0,0.0,1.490073468769075e-07,0.0,False,False,FLOATING_D_NOT_CERTIFIED_REGRET
20262016,M1_16,300,B_transition,secondary_boundary_or_transition,0.9723818705098497,AVAILABLE,,0.2,0.2,upper_boundary,upper_boundary,0.2202707811346152,0.2927758477907581,0.2927758477907581,0.0,0.0,-1.6804518270773883,0.0,0.0,1.490073468769075e-07,0.0,False,False,FLOATING_D_NOT_CERTIFIED_REGRET
20262016,M1_16,300,interior_quarter,primary_interior,3.0577097236693422,AVAILABLE,,0.02,0.09106390413362532,interior,lower_boundary,0.5839992938919631,0.7324041787672679,0.5717823130524995,0.16062186571476844,-6.2559835594784765,0.9469852188660668,6.2559835594784765,0.0,1.490073468769075e-07,1.7394489966658385e-19,True,False,FLOATING_D_NOT_CERTIFIED_REGRET
20262016,M1_16,300,interior_half,primary_interior,5.143037576828834,AVAILABLE,,0.02,0.05259262098465113,interior,lower_boundary,0.625705850955153,0.7741107358304578,0.7163464974857452,0.05776423834471256,-4.170655706318985,3.0323130720255587,4.170655706318985,0.0,1.490073468769075e-07,1.7394489966658385e-19,True,False,FLOATING_D_NOT_CERTIFIED_REGRET
20262016,M1_16,300,interior_three_quarters,primary_interior,7.228365429988326,AVAILABLE,,0.02,0.032677022493444396,interior,lower_boundary,0.6674124080183428,0.8158172928936476,0.8034316653216095,0.012385627572038094,-2.0853278531594928,5.11764092518505,2.0853278531594928,0.0,1.490073468769075e-07,1.7394489966658385e-19,True,False,FLOATING_D_NOT_CERTIFIED_REGRET
20262016,M1_16,300,A_transition,secondary_boundary_or_transition,9.313693283147819,AVAILABLE,,0.02,0.02,lower_boundary,lower_boundary,0.7091189650815326,0.8575238499568374,0.8575238499568374,0.0,0.0,7.202968778344543,0.0,0.0,1.490073468769075e-07,0.0,False,False,FLOATING_D_NOT_CERTIFIED_REGRET
20262016,M1_16,300,A_three_halves,secondary_boundary_or_transition,13.970539924721727,AVAILABLE,,0.02,0.02,lower_boundary,lower_boundary,0.8022558979130108,0.9506607827883156,0.9506607827883156,0.0,4.6568466415739085,11.859815419918451,0.0,0.0,1.490073468769075e-07,0.0,False,False,FLOATING_D_NOT_CERTIFIED_REGRET
20262016,M1_16,3000,B_half,secondary_boundary_or_transition,0.48619093525492485,AVAILABLE,,0.2,0.2,upper_boundary,upper_boundary,0.1782664972568867,0.19553766073977313,0.19553766073977313,0.0,-0.48619093525492485,-1.8519877473914574,0.0,0.0,4.458833621632764e-07,0.0,False,False,FLOATING_D_NOT_CERTIFIED_REGRET
20262016,M1_16,3000,B_transition,secondary_boundary_or_transition,0.9723818705098497,AVAILABLE,,0.2,0.2,upper_boundary,upper_boundary,0.2755046843078717,0.2927758477907581,0.2927758477907581,0.0,0.0,-1.3657968121365325,0.0,0.0,4.458833621632764e-07,0.0,False,False,FLOATING_D_NOT_CERTIFIED_REGRET
20262016,M1_16,3000,interior_quarter,primary_interior,3.0577097236693422,AVAILABLE,,0.09699218750000001,0.09106390413362532,interior,interior_grid,0.5659245223912002,0.5724048714918346,0.5717823130524995,0.0006225584393351191,0.20669250184320953,-0.001048595948436759,0.20669250184320953,0.001048595948436759,4.458833621632764e-07,1.7394489966658385e-19,False,False,FLOATING_D_NOT_CERTIFIED_REGRET
20262016,M1_16,3000,interior_half,primary_interior,5.143037576828834,AVAILABLE,,0.05427734375,0.05259262098465113,interior,interior_grid,0.7273710914527789,0.7164586051714182,0.7163464974857452,0.0001121076856730463,0.13219145310497193,0.00026755104047548883,0.13219145310497193,0.00026755104047548883,4.458833621632764e-07,1.7394489966658385e-19,False,False,FLOATING_D_NOT_CERTIFIED_REGRET
20262016,M1_16,3000,interior_three_quarters,primary_interior,7.228365429988326,AVAILABLE,,0.02,0.032677022493444396,interior,lower_boundary,0.7820157053580101,0.8158172928936476,0.8034316653216095,0.012385627572038094,-2.0853278531594928,1.505149297954543,2.0853278531594928,0.0,4.458833621632764e-07,1.7394489966658385e-19,True,False,FLOATING_D_NOT_CERTIFIED_REGRET
20262016,M1_16,3000,A_transition,secondary_boundary_or_transition,9.313693283147819,AVAILABLE,,0.02,0.02,lower_boundary,lower_boundary,0.8237222624212,0.8575238499568374,0.8575238499568374,0.0,0.0,3.590477151114036,0.0,0.0,4.458833621632764e-07,0.0,False,False,FLOATING_D_NOT_CERTIFIED_REGRET
20262016,M1_16,3000,A_three_halves,secondary_boundary_or_transition,13.970539924721727,AVAILABLE,,0.02,0.02,lower_boundary,lower_boundary,0.9168591952526781,0.9506607827883156,0.9506607827883156,0.0,4.6568466415739085,8.247323792687943,0.0,0.0,4.458833621632764e-07,0.0,False,False,FLOATING_D_NOT_CERTIFIED_REGRET
20262016,M2_16,300,B_half,secondary_boundary_or_transition,0.48619093525492485,AVAILABLE,,0.2,0.2,upper_boundary,upper_boundary,0.10632930749477065,0.19553766073977313,0.19553766073977313,0.0,-0.48619093525492485,-2.396770135095209,0.0,0.0,1.3108889607824306e-07,0.0,False,False,FLOATING_D_NOT_CERTIFIED_REGRET
20262016,M2_16,300,B_transition,secondary_boundary_or_transition,0.9723818705098497,AVAILABLE,,0.2,0.2,upper_boundary,upper_boundary,0.20356749454575562,0.2927758477907581,0.2927758477907581,0.0,0.0,-1.910579199840284,0.0,0.0,1.3108889607824306e-07,0.0,False,False,FLOATING_D_NOT_CERTIFIED_REGRET
20262016,M2_16,300,interior_quarter,primary_interior,3.0577097236693422,AVAILABLE,,0.02,0.09106390413362532,interior,lower_boundary,0.6109286903196508,0.7324041787672679,0.5717823130524995,0.16062186571476844,-6.2559835594784765,0.2095257593894284,6.2559835594784765,0.0,1.3108889607824306e-07,1.7394489966658385e-19,True,False,FLOATING_D_NOT_CERTIFIED_REGRET
20262016,M2_16,300,interior_half,primary_interior,5.143037576828834,AVAILABLE,,0.02,0.05259262098465113,interior,lower_boundary,0.6526352473828406,0.7741107358304578,0.7163464974857452,0.05776423834471256,-4.170655706318985,2.2948536125489203,4.170655706318985,0.0,1.3108889607824306e-07,1.7394489966658385e-19,True,False,FLOATING_D_NOT_CERTIFIED_REGRET
20262016,M2_16,300,interior_three_quarters,primary_interior,7.228365429988326,AVAILABLE,,0.02,0.032677022493444396,interior,lower_boundary,0.6943418044460304,0.8158172928936476,0.8034316653216095,0.012385627572038094,-2.0853278531594928,4.380181465708413,2.0853278531594928,0.0,1.3108889607824306e-07,1.7394489966658385e-19,True,False,FLOATING_D_NOT_CERTIFIED_REGRET
20262016,M2_16,300,A_transition,secondary_boundary_or_transition,9.313693283147819,AVAILABLE,,0.02,0.02,lower_boundary,lower_boundary,0.7360483615092203,0.8575238499568374,0.8575238499568374,0.0,0.0,6.465509318867905,0.0,0.0,1.3108889607824306e-07,0.0,False,False,FLOATING_D_NOT_CERTIFIED_REGRET
20262016,M2_16,300,A_three_halves,secondary_boundary_or_transition,13.970539924721727,AVAILABLE,,0.02,0.02,lower_boundary,lower_boundary,0.8291852943406985,0.9506607827883156,0.9506607827883156,0.0,4.6568466415739085,11.122355960441814,0.0,0.0,1.3108889607824306e-07,0.0,False,False,FLOATING_D_NOT_CERTIFIED_REGRET
20262016,M2_16,3000,B_half,secondary_boundary_or_transition,0.48619093525492485,AVAILABLE,,0.2,0.2,upper_boundary,upper_boundary,0.19129087547502593,0.19553766073977313,0.19553766073977313,0.0,-0.48619093525492485,-1.3494028267102975,0.0,0.0,3.5826938201002016e-07,0.0,False,False,FLOATING_D_NOT_CERTIFIED_REGRET
20262016,M2_16,3000,B_transition,secondary_boundary_or_transition,0.9723818705098497,AVAILABLE,,0.2,0.2,upper_boundary,upper_boundary,0.2885290625260109,0.2927758477907581,0.2927758477907581,0.0,0.0,-0.8632118914553728,0.0,0.0,3.5826938201002016e-07,0.0,False,False,FLOATING_D_NOT_CERTIFIED_REGRET
20262016,M2_16,3000,interior_quarter,primary_interior,3.0577097236693422,AVAILABLE,,0.09576171875000002,0.09106390413362532,interior,interior_grid,0.5621442171016886,0.5721758553023144,0.5717823130524995,0.0003935422498149155,0.1654142841327486,-5.9221714327595265e-05,0.1654142841327486,5.9221714327595265e-05,3.5826938201002016e-07,1.7394489966658385e-19,False,False,FLOATING_D_NOT_CERTIFIED_REGRET
20262016,M2_16,3000,interior_half,primary_interior,5.143037576828834,AVAILABLE,,0.059550781250000004,0.05259262098465113,interior,interior_grid,0.7232768850770058,0.7181816245145967,0.7163464974857452,0.0018351270288514687,0.5134459512493601,0.004054132826943224,0.5134459512493601,0.004054132826943224,3.5826938201002016e-07,1.7394489966658385e-19,False,False,FLOATING_D_NOT_CERTIFIED_REGRET
20262016,M2_16,3000,interior_three_quarters,primary_interior,7.228365429988326,AVAILABLE,,0.021054687500000002,0.032677022493444396,interior,interior_grid,0.8087492677575844,0.8137268961634068,0.8034316653216095,0.010295230841797287,-1.8798012031180633,0.0019873141271240513,1.8798012031180633,0.0019873141271240513,3.5826938201002016e-07,1.7394489966658385e-19,False,False,FLOATING_D_NOT_CERTIFIED_REGRET
20262016,M2_16,3000,A_transition,secondary_boundary_or_transition,9.313693283147819,AVAILABLE,,0.02,0.02,lower_boundary,lower_boundary,0.8504796721587734,0.8575238499568374,0.8575238499568374,0.0,0.0,2.0382097999497066,0.0,0.0,3.5826938201002016e-07,0.0,False,False,FLOATING_D_NOT_CERTIFIED_REGRET
20262016,M2_16,3000,A_three_halves,secondary_boundary_or_transition,13.970539924721727,AVAILABLE,,0.02,0.02,lower_boundary,lower_boundary,0.9436166049902517,0.9506607827883156,0.9506607827883156,0.0,4.6568466415739085,6.695056441523615,0.0,0.0,3.5826938201002016e-07,0.0,False,False,FLOATING_D_NOT_CERTIFIED_REGRET
20262016,M1_32,300,B_half,secondary_boundary_or_transition,0.48619093525492485,AVAILABLE,,0.2,0.2,upper_boundary,upper_boundary,0.12279924858107776,0.19553766073977313,0.19553766073977313,0.0,-0.48619093525492485,-2.172884851471825,0.0,0.0,1.4879073295042357e-07,0.0,False,False,FLOATING_D_NOT_CERTIFIED_REGRET
20262016,M1_32,300,B_transition,secondary_boundary_or_transition,0.9723818705098497,AVAILABLE,,0.2,0.2,upper_boundary,upper_boundary,0.2200374356320627,0.2927758477907581,0.2927758477907581,0.0,0.0,-1.6866939162169,0.0,0.0,1.4879073295042357e-07,0.0,False,False,FLOATING_D_NOT_CERTIFIED_REGRET
20262016,M1_32,300,interior_quarter,primary_interior,3.0577097236693422,AVAILABLE,,0.02,0.09106390413362532,interior,lower_boundary,0.5846455290721653,0.7324041787672679,0.5717823130524995,0.16062186571476844,-6.2559835594784765,0.9395878604399646,6.2559835594784765,0.0,1.4879073295042357e-07,1.7394489966658385e-19,True,False,FLOATING_D_NOT_CERTIFIED_REGRET
20262016,M1_32,300,interior_half,primary_interior,5.143037576828834,AVAILABLE,,0.02,0.05259262098465113,interior,lower_boundary,0.6263520861353551,0.7741107358304578,0.7163464974857452,0.05776423834471256,-4.170655706318985,3.0249157135994564,4.170655706318985,0.0,1.4879073295042357e-07,1.7394489966658385e-19,True,False,FLOATING_D_NOT_CERTIFIED_REGRET
20262016,M1_32,300,interior_three_quarters,primary_interior,7.228365429988326,AVAILABLE,,0.02,0.032677022493444396,interior,lower_boundary,0.6680586431985449,0.8158172928936476,0.8034316653216095,0.012385627572038094,-2.0853278531594928,5.110243566758948,2.0853278531594928,0.0,1.4879073295042357e-07,1.7394489966658385e-19,True,False,FLOATING_D_NOT_CERTIFIED_REGRET
20262016,M1_32,300,A_transition,secondary_boundary_or_transition,9.313693283147819,AVAILABLE,,0.02,0.02,lower_boundary,lower_boundary,0.7097652002617347,0.8575238499568374,0.8575238499568374,0.0,0.0,7.195571419918441,0.0,0.0,1.4879073295042357e-07,0.0,False,False,FLOATING_D_NOT_CERTIFIED_REGRET
20262016,M1_32,300,A_three_halves,secondary_boundary_or_transition,13.970539924721727,AVAILABLE,,0.02,0.02,lower_boundary,lower_boundary,0.8029021330932129,0.9506607827883156,0.9506607827883156,0.0,4.6568466415739085,11.852418061492349,0.0,0.0,1.4879073295042357e-07,0.0,False,False,FLOATING_D_NOT_CERTIFIED_REGRET
20262016,M1_32,3000,B_half,secondary_boundary_or_transition,0.48619093525492485,AVAILABLE,,0.2,0.2,upper_boundary,upper_boundary,0.17838547804711286,0.19553766073977313,0.19553766073977313,0.0,-0.48619093525492485,-1.8651707305247331,0.0,0.0,4.439411585240409e-07,0.0,False,False,FLOATING_D_NOT_CERTIFIED_REGRET
20262016,M1_32,3000,B_transition,secondary_boundary_or_transition,0.9723818705098497,AVAILABLE,,0.2,0.2,upper_boundary,upper_boundary,0.2756236650980978,0.2927758477907581,0.2927758477907581,0.0,0.0,-1.3789797952698082,0.0,0.0,4.439411585240409e-07,0.0,False,False,FLOATING_D_NOT_CERTIFIED_REGRET
20262016,M1_32,3000,interior_quarter,primary_interior,3.0577097236693422,AVAILABLE,,0.09699218750000001,0.09106390413362532,interior,interior_grid,0.5657651899829157,0.5724048714918346,0.5717823130524995,0.0006225584393351191,0.20669250184320953,-0.0015693319410474693,0.20669250184320953,0.0015693319410474693,4.439411585240409e-07,1.7394489966658385e-19,False,False,FLOATING_D_NOT_CERTIFIED_REGRET
20262016,M1_32,3000,interior_half,primary_interior,5.143037576828834,AVAILABLE,,0.054804687500000004,0.05259262098465113,interior,interior_grid,0.7274885739455762,0.7165389611048687,0.7163464974857452,0.0001924636191235063,0.17248124607232107,0.0017743171968405136,0.17248124607232107,0.0017743171968405136,4.439411585240409e-07,1.7394489966658385e-19,False,False,FLOATING_D_NOT_CERTIFIED_REGRET
20262016,M1_32,3000,interior_three_quarters,primary_interior,7.228365429988326,AVAILABLE,,0.02,0.032677022493444396,interior,lower_boundary,0.7831542095081457,0.8158172928936476,0.8034316653216095,0.012385627572038094,-2.0853278531594928,1.4608718667701774,2.0853278531594928,0.0,4.439411585240409e-07,1.7394489966658385e-19,True,False,FLOATING_D_NOT_CERTIFIED_REGRET
20262016,M1_32,3000,A_transition,secondary_boundary_or_transition,9.313693283147819,AVAILABLE,,0.02,0.02,lower_boundary,lower_boundary,0.8248607665713356,0.8575238499568374,0.8575238499568374,0.0,0.0,3.54619971992967,0.0,0.0,4.439411585240409e-07,0.0,False,False,FLOATING_D_NOT_CERTIFIED_REGRET
20262016,M1_32,3000,A_three_halves,secondary_boundary_or_transition,13.970539924721727,AVAILABLE,,0.02,0.02,lower_boundary,lower_boundary,0.9179976994028138,0.9506607827883156,0.9506607827883156,0.0,4.6568466415739085,8.203046361503578,0.0,0.0,4.439411585240409e-07,0.0,False,False,FLOATING_D_NOT_CERTIFIED_REGRET
20262017,M1_16,300,B_half,secondary_boundary_or_transition,0.48619093525492485,AVAILABLE,,0.2,0.2,upper_boundary,upper_boundary,0.11481488053779959,0.19553766073977313,0.19553766073977313,0.0,-0.48619093525492485,-2.6580797254706283,0.0,0.0,1.3290765850562982e-07,0.0,False,False,FLOATING_D_NOT_CERTIFIED_REGRET
20262017,M1_16,300,B_transition,secondary_boundary_or_transition,0.9723818705098497,AVAILABLE,,0.2,0.2,upper_boundary,upper_boundary,0.21205306758878456,0.2927758477907581,0.2927758477907581,0.0,0.0,-2.1718887902157036,0.0,0.0,1.3290765850562982e-07,0.0,False,False,FLOATING_D_NOT_CERTIFIED_REGRET
20262017,M1_16,300,interior_quarter,primary_interior,3.0577097236693422,AVAILABLE,,0.02,0.09106390413362532,interior,lower_boundary,0.5914018280045399,0.7324041787672679,0.5717823130524995,0.16062186571476844,-6.2559835594784765,0.5001586047731075,6.2559835594784765,0.0,1.3290765850562982e-07,1.7394489966658385e-19,True,False,FLOATING_D_NOT_CERTIFIED_REGRET
20262017,M1_16,300,interior_half,primary_interior,5.143037576828834,AVAILABLE,,0.02,0.05259262098465113,interior,lower_boundary,0.6331083850677297,0.7741107358304578,0.7163464974857452,0.05776423834471256,-4.170655706318985,2.5854864579325993,4.170655706318985,0.0,1.3290765850562982e-07,1.7394489966658385e-19,True,False,FLOATING_D_NOT_CERTIFIED_REGRET
20262017,M1_16,300,interior_three_quarters,primary_interior,7.228365429988326,AVAILABLE,,0.02,0.032677022493444396,interior,lower_boundary,0.6748149421309195,0.8158172928936476,0.8034316653216095,0.012385627572038094,-2.0853278531594928,4.670814311092091,2.0853278531594928,0.0,1.3290765850562982e-07,1.7394489966658385e-19,True,False,FLOATING_D_NOT_CERTIFIED_REGRET
20262017,M1_16,300,A_transition,secondary_boundary_or_transition,9.313693283147819,AVAILABLE,,0.02,0.02,lower_boundary,lower_boundary,0.7165214991941093,0.8575238499568374,0.8575238499568374,0.0,0.0,6.7561421642515835,0.0,0.0,1.3290765850562982e-07,0.0,False,False,FLOATING_D_NOT_CERTIFIED_REGRET
20262017,M1_16,300,A_three_halves,secondary_boundary_or_transition,13.970539924721727,AVAILABLE,,0.02,0.02,lower_boundary,lower_boundary,0.8096584320255875,0.9506607827883156,0.9506607827883156,0.0,4.6568466415739085,11.412988805825492,0.0,0.0,1.3290765850562982e-07,0.0,False,False,FLOATING_D_NOT_CERTIFIED_REGRET
20262017,M1_16,3000,B_half,secondary_boundary_or_transition,0.48619093525492485,AVAILABLE,,0.2,0.2,upper_boundary,upper_boundary,0.16572111112753457,0.19553766073977313,0.19553766073977313,0.0,-0.48619093525492485,-1.94674797072205,0.0,0.0,2.4985999746911896e-07,0.0,False,False,FLOATING_D_NOT_CERTIFIED_REGRET
20262017,M1_16,3000,B_transition,secondary_boundary_or_transition,0.9723818705098497,AVAILABLE,,0.2,0.2,upper_boundary,upper_boundary,0.26295929817851954,0.2927758477907581,0.2927758477907581,0.0,0.0,-1.4605570354671251,0.0,0.0,2.4985999746911896e-07,0.0,False,False,FLOATING_D_NOT_CERTIFIED_REGRET
20262017,M1_16,3000,interior_quarter,primary_interior,3.0577097236693422,AVAILABLE,,0.09558593750000001,0.09106390413362532,interior,interior_grid,0.5809050415521928,0.5721473024741519,0.5717823130524995,0.00036498942165241743,0.1594506372901403,-0.0014196961479484571,0.1594506372901403,0.0014196961479484571,2.4985999746911896e-07,1.7394489966658385e-19,False,False,FLOATING_D_NOT_CERTIFIED_REGRET
20262017,M1_16,3000,interior_half,primary_interior,5.143037576828834,AVAILABLE,,0.0224609375,0.05259262098465113,interior,interior_grid,0.7154693268710265,0.7644318606785172,0.7163464974857452,0.04808536319277201,-3.701280764731025,-0.00018088982498998263,3.701280764731025,0.00018088982498998263,2.4985999746911896e-07,1.7394489966658385e-19,False,False,FLOATING_D_NOT_CERTIFIED_REGRET
20262017,M1_16,3000,interior_three_quarters,primary_interior,7.228365429988326,AVAILABLE,,0.02,0.032677022493444396,interior,lower_boundary,0.7572160700300482,0.8158172928936476,0.8034316653216095,0.012385627572038094,-2.0853278531594928,2.0533035673847424,2.0853278531594928,0.0,2.4985999746911896e-07,1.7394489966658385e-19,True,False,FLOATING_D_NOT_CERTIFIED_REGRET
20262017,M1_16,3000,A_transition,secondary_boundary_or_transition,9.313693283147819,AVAILABLE,,0.02,0.02,lower_boundary,lower_boundary,0.798922627093238,0.8575238499568374,0.8575238499568374,0.0,0.0,4.138631420544235,0.0,0.0,2.4985999746911896e-07,0.0,False,False,FLOATING_D_NOT_CERTIFIED_REGRET
20262017,M1_16,3000,A_three_halves,secondary_boundary_or_transition,13.970539924721727,AVAILABLE,,0.02,0.02,lower_boundary,lower_boundary,0.8920595599247163,0.9506607827883156,0.9506607827883156,0.0,4.6568466415739085,8.795478062118143,0.0,0.0,2.4985999746911896e-07,0.0,False,False,FLOATING_D_NOT_CERTIFIED_REGRET
20262017,M2_16,300,B_half,secondary_boundary_or_transition,0.48619093525492485,AVAILABLE,,0.2,0.2,upper_boundary,upper_boundary,0.09956095284097363,0.19553766073977313,0.19553766073977313,0.0,-0.48619093525492485,-2.696781263063476,0.0,0.0,1.3197406557742295e-07,0.0,False,False,FLOATING_D_NOT_CERTIFIED_REGRET
20262017,M2_16,300,B_transition,secondary_boundary_or_transition,0.9723818705098497,AVAILABLE,,0.2,0.2,upper_boundary,upper_boundary,0.1967991398919586,0.2927758477907581,0.2927758477907581,0.0,0.0,-2.210590327808551,0.0,0.0,1.3197406557742295e-07,0.0,False,False,FLOATING_D_NOT_CERTIFIED_REGRET
20262017,M2_16,300,interior_quarter,primary_interior,3.0577097236693422,AVAILABLE,,0.02,0.09106390413362532,interior,lower_boundary,0.6066214169735484,0.7324041787672679,0.5717823130524995,0.16062186571476844,-6.2559835594784765,0.17949451450020204,6.2559835594784765,0.0,1.3197406557742295e-07,1.7394489966658385e-19,True,False,FLOATING_D_NOT_CERTIFIED_REGRET
20262017,M2_16,300,interior_half,primary_interior,5.143037576828834,AVAILABLE,,0.02,0.05259262098465113,interior,lower_boundary,0.6483279740367383,0.7741107358304578,0.7163464974857452,0.05776423834471256,-4.170655706318985,2.264822367659694,4.170655706318985,0.0,1.3197406557742295e-07,1.7394489966658385e-19,True,False,FLOATING_D_NOT_CERTIFIED_REGRET
20262017,M2_16,300,interior_three_quarters,primary_interior,7.228365429988326,AVAILABLE,,0.02,0.032677022493444396,interior,lower_boundary,0.6900345310999281,0.8158172928936476,0.8034316653216095,0.012385627572038094,-2.0853278531594928,4.350150220819186,2.0853278531594928,0.0,1.3197406557742295e-07,1.7394489966658385e-19,True,False,FLOATING_D_NOT_CERTIFIED_REGRET
20262017,M2_16,300,A_transition,secondary_boundary_or_transition,9.313693283147819,AVAILABLE,,0.02,0.02,lower_boundary,lower_boundary,0.7317410881631179,0.8575238499568374,0.8575238499568374,0.0,0.0,6.435478073978679,0.0,0.0,1.3197406557742295e-07,0.0,False,False,FLOATING_D_NOT_CERTIFIED_REGRET
20262017,M2_16,300,A_three_halves,secondary_boundary_or_transition,13.970539924721727,AVAILABLE,,0.02,0.02,lower_boundary,lower_boundary,0.8248780209945961,0.9506607827883156,0.9506607827883156,0.0,4.6568466415739085,11.092324715552587,0.0,0.0,1.3197406557742295e-07,0.0,False,False,FLOATING_D_NOT_CERTIFIED_REGRET
20262017,M2_16,3000,B_half,secondary_boundary_or_transition,0.48619093525492485,AVAILABLE,,0.2,0.2,upper_boundary,upper_boundary,0.18909183969407756,0.19553766073977313,0.19553766073977313,0.0,-0.48619093525492485,-1.4934657105368068,0.0,0.0,3.143708127842811e-07,0.0,False,False,FLOATING_D_NOT_CERTIFIED_REGRET
20262017,M2_16,3000,B_transition,secondary_boundary_or_transition,0.9723818705098497,AVAILABLE,,0.2,0.2,upper_boundary,upper_boundary,0.2863300267450625,0.2927758477907581,0.2927758477907581,0.0,0.0,-1.0072747752818818,0.0,0.0,3.143708127842811e-07,0.0,False,False,FLOATING_D_NOT_CERTIFIED_REGRET
20262017,M2_16,3000,interior_quarter,primary_interior,3.0577097236693422,AVAILABLE,,0.09839843750000002,0.09106390413362532,interior,interior_grid,0.5610242153359006,0.5727281352855109,0.5717823130524995,0.0009458222330114285,0.2528892952555939,0.001962591434456318,0.2528892952555939,0.001962591434456318,3.143708127842811e-07,1.7394489966658385e-19,False,False,FLOATING_D_NOT_CERTIFIED_REGRET
20262017,M2_16,3000,interior_half,primary_interior,5.143037576828834,AVAILABLE,,0.06060546875,0.05259262098465113,interior,interior_grid,0.7274819451625978,0.7187606506230606,0.7163464974857452,0.0024141531373154113,0.5842765592549704,0.0038792303557366736,0.5842765592549704,0.0038792303557366736,3.143708127842811e-07,1.7394489966658385e-19,False,False,FLOATING_D_NOT_CERTIFIED_REGRET
20262017,M2_16,3000,interior_three_quarters,primary_interior,7.228365429988326,AVAILABLE,,0.02,0.032677022493444396,interior,lower_boundary,0.8034729769695749,0.8158172928936476,0.8034316653216095,0.012385627572038094,-2.0853278531594928,0.5621047251732492,2.0853278531594928,0.0,3.143708127842811e-07,1.7394489966658385e-19,True,False,FLOATING_D_NOT_CERTIFIED_REGRET
20262017,M2_16,3000,A_transition,secondary_boundary_or_transition,9.313693283147819,AVAILABLE,,0.02,0.02,lower_boundary,lower_boundary,0.8451795340327647,0.8575238499568374,0.8575238499568374,0.0,0.0,2.647432578332742,0.0,0.0,3.143708127842811e-07,0.0,False,False,FLOATING_D_NOT_CERTIFIED_REGRET
20262017,M2_16,3000,A_three_halves,secondary_boundary_or_transition,13.970539924721727,AVAILABLE,,0.02,0.02,lower_boundary,lower_boundary,0.938316466864243,0.9506607827883156,0.9506607827883156,0.0,4.6568466415739085,7.30427921990665,0.0,0.0,3.143708127842811e-07,0.0,False,False,FLOATING_D_NOT_CERTIFIED_REGRET
20262017,M1_32,300,B_half,secondary_boundary_or_transition,0.48619093525492485,AVAILABLE,,0.2,0.2,upper_boundary,upper_boundary,0.11467728012602631,0.19553766073977313,0.19553766073977313,0.0,-0.48619093525492485,-2.6613955070187734,0.0,0.0,1.3290316635259594e-07,0.0,False,False,FLOATING_D_NOT_CERTIFIED_REGRET
20262017,M1_32,300,B_transition,secondary_boundary_or_transition,0.9723818705098497,AVAILABLE,,0.2,0.2,upper_boundary,upper_boundary,0.21191546717701126,0.2927758477907581,0.2927758477907581,0.0,0.0,-2.1752045717638486,0.0,0.0,1.3290316635259594e-07,0.0,False,False,FLOATING_D_NOT_CERTIFIED_REGRET
20262017,M1_32,300,interior_quarter,primary_interior,3.0577097236693422,AVAILABLE,,0.02,0.09106390413362532,interior,lower_boundary,0.5919153037998187,0.7324041787672679,0.5717823130524995,0.16062186571476844,-6.2559835594784765,0.4966634622427799,6.2559835594784765,0.0,1.3290316635259594e-07,1.7394489966658385e-19,True,False,FLOATING_D_NOT_CERTIFIED_REGRET
20262017,M1_32,300,interior_half,primary_interior,5.143037576828834,AVAILABLE,,0.02,0.05259262098465113,interior,lower_boundary,0.6336218608630085,0.7741107358304578,0.7163464974857452,0.05776423834471256,-4.170655706318985,2.581991315402272,4.170655706318985,0.0,1.3290316635259594e-07,1.7394489966658385e-19,True,False,FLOATING_D_NOT_CERTIFIED_REGRET
20262017,M1_32,300,interior_three_quarters,primary_interior,7.228365429988326,AVAILABLE,,0.02,0.032677022493444396,interior,lower_boundary,0.6753284179261984,0.8158172928936476,0.8034316653216095,0.012385627572038094,-2.0853278531594928,4.667319168561764,2.0853278531594928,0.0,1.3290316635259594e-07,1.7394489966658385e-19,True,False,FLOATING_D_NOT_CERTIFIED_REGRET
20262017,M1_32,300,A_transition,secondary_boundary_or_transition,9.313693283147819,AVAILABLE,,0.02,0.02,lower_boundary,lower_boundary,0.7170349749893882,0.8575238499568374,0.8575238499568374,0.0,0.0,6.752647021721256,0.0,0.0,1.3290316635259594e-07,0.0,False,False,FLOATING_D_NOT_CERTIFIED_REGRET
20262017,M1_32,300,A_three_halves,secondary_boundary_or_transition,13.970539924721727,AVAILABLE,,0.02,0.02,lower_boundary,lower_boundary,0.8101719078208665,0.9506607827883156,0.9506607827883156,0.0,4.6568466415739085,11.409493663295166,0.0,0.0,1.3290316635259594e-07,0.0,False,False,FLOATING_D_NOT_CERTIFIED_REGRET
20262017,M1_32,3000,B_half,secondary_boundary_or_transition,0.48619093525492485,AVAILABLE,,0.2,0.2,upper_boundary,upper_boundary,0.16676454827462295,0.19553766073977313,0.19553766073977313,0.0,-0.48619093525492485,-1.9425934677327974,0.0,0.0,2.538834222351468e-07,0.0,False,False,FLOATING_D_NOT_CERTIFIED_REGRET
20262017,M1_32,3000,B_transition,secondary_boundary_or_transition,0.9723818705098497,AVAILABLE,,0.2,0.2,upper_boundary,upper_boundary,0.2640027353256079,0.2927758477907581,0.2927758477907581,0.0,0.0,-1.4564025324778724,0.0,0.0,2.538834222351468e-07,0.0,False,False,FLOATING_D_NOT_CERTIFIED_REGRET
20262017,M1_32,3000,interior_quarter,primary_interior,3.0577097236693422,AVAILABLE,,0.09593750000000001,0.09106390413362532,interior,interior_grid,0.5800283533856303,0.5722054549468856,0.5717823130524995,0.00042314189438608096,0.17136109415356682,0.0011544461910317771,0.17136109415356682,0.0011544461910317771,2.538834222351468e-07,1.7394489966658385e-19,False,False,FLOATING_D_NOT_CERTIFIED_REGRET
20262017,M1_32,3000,interior_half,primary_interior,5.143037576828834,AVAILABLE,,0.02650390625,0.05259262098465113,interior,interior_grid,0.7174586553342155,0.7509086748493373,0.7163464974857452,0.03456217736359213,-3.002665100800635,6.726082143782008e-05,3.002665100800635,6.726082143782008e-05,2.538834222351468e-07,1.7394489966658385e-19,False,False,FLOATING_D_NOT_CERTIFIED_REGRET
20262017,M1_32,3000,interior_three_quarters,primary_interior,7.228365429988326,AVAILABLE,,0.02,0.032677022493444396,interior,lower_boundary,0.7594725090278936,0.8158172928936476,0.8034316653216095,0.012385627572038094,-2.0853278531594928,1.9940414629726115,2.0853278531594928,0.0,2.538834222351468e-07,1.7394489966658385e-19,True,False,FLOATING_D_NOT_CERTIFIED_REGRET
20262017,M1_32,3000,A_transition,secondary_boundary_or_transition,9.313693283147819,AVAILABLE,,0.02,0.02,lower_boundary,lower_boundary,0.8011790660910835,0.8575238499568374,0.8575238499568374,0.0,0.0,4.079369316132104,0.0,0.0,2.538834222351468e-07,0.0,False,False,FLOATING_D_NOT_CERTIFIED_REGRET
20262017,M1_32,3000,A_three_halves,secondary_boundary_or_transition,13.970539924721727,AVAILABLE,,0.02,0.02,lower_boundary,lower_boundary,0.8943159989225618,0.9506607827883156,0.9506607827883156,0.0,4.6568466415739085,8.736215957706012,0.0,0.0,2.538834222351468e-07,0.0,False,False,FLOATING_D_NOT_CERTIFIED_REGRET
20262018,M1_16,300,B_half,secondary_boundary_or_transition,0.48619093525492485,AVAILABLE,,0.2,0.2,upper_boundary,upper_boundary,0.11289367592901206,0.19553766073977313,0.19553766073977313,0.0,-0.48619093525492485,-2.5995234862797,0.0,0.0,1.8384052819418513e-07,0.0,False,False,FLOATING_D_NOT_CERTIFIED_REGRET
20262018,M1_16,300,B_transition,secondary_boundary_or_transition,0.9723818705098497,AVAILABLE,,0.2,0.2,upper_boundary,upper_boundary,0.21013186297999703,0.2927758477907581,0.2927758477907581,0.0,0.0,-2.113332551024775,0.0,0.0,1.8384052819418513e-07,0.0,False,False,FLOATING_D_NOT_CERTIFIED_REGRET
20262018,M1_16,300,interior_quarter,primary_interior,3.0577097236693422,AVAILABLE,,0.02,0.09106390413362532,interior,lower_boundary,0.5823866816291527,0.7324041787672679,0.5717823130524995,0.16062186571476844,-6.2559835594784765,0.8569305469916664,6.2559835594784765,0.0,1.8384052819418513e-07,1.7394489966658385e-19,True,False,FLOATING_D_NOT_CERTIFIED_REGRET
20262018,M1_16,300,interior_half,primary_interior,5.143037576828834,AVAILABLE,,0.02,0.05259262098465113,interior,lower_boundary,0.6240932386923426,0.7741107358304578,0.7163464974857452,0.05776423834471256,-4.170655706318985,2.9422584001511582,4.170655706318985,0.0,1.8384052819418513e-07,1.7394489966658385e-19,True,False,FLOATING_D_NOT_CERTIFIED_REGRET
20262018,M1_16,300,interior_three_quarters,primary_interior,7.228365429988326,AVAILABLE,,0.02,0.032677022493444396,interior,lower_boundary,0.6657997957555324,0.8158172928936476,0.8034316653216095,0.012385627572038094,-2.0853278531594928,5.02758625331065,2.0853278531594928,0.0,1.8384052819418513e-07,1.7394489966658385e-19,True,False,FLOATING_D_NOT_CERTIFIED_REGRET
20262018,M1_16,300,A_transition,secondary_boundary_or_transition,9.313693283147819,AVAILABLE,,0.02,0.02,lower_boundary,lower_boundary,0.7075063528187222,0.8575238499568374,0.8575238499568374,0.0,0.0,7.112914106470143,0.0,0.0,1.8384052819418513e-07,0.0,False,False,FLOATING_D_NOT_CERTIFIED_REGRET
20262018,M1_16,300,A_three_halves,secondary_boundary_or_transition,13.970539924721727,AVAILABLE,,0.02,0.02,lower_boundary,lower_boundary,0.8006432856502004,0.9506607827883156,0.9506607827883156,0.0,4.6568466415739085,11.769760748044051,0.0,0.0,1.8384052819418513e-07,0.0,False,False,FLOATING_D_NOT_CERTIFIED_REGRET
20262018,M1_16,3000,B_half,secondary_boundary_or_transition,0.48619093525492485,AVAILABLE,,0.2,0.2,upper_boundary,upper_boundary,0.17626771246889786,0.19553766073977313,0.19553766073977313,0.0,-0.48619093525492485,-2.01330563855033,0.0,0.0,4.13877271163759e-07,0.0,False,False,FLOATING_D_NOT_CERTIFIED_REGRET
20262018,M1_16,3000,B_transition,secondary_boundary_or_transition,0.9723818705098497,AVAILABLE,,0.2,0.2,upper_boundary,upper_boundary,0.2735058995198828,0.2927758477907581,0.2927758477907581,0.0,0.0,-1.5271147032954049,0.0,0.0,4.13877271163759e-07,0.0,False,False,FLOATING_D_NOT_CERTIFIED_REGRET
20262018,M1_16,3000,interior_quarter,primary_interior,3.0577097236693422,AVAILABLE,,0.09716796875000001,0.09106390413362532,interior,interior_grid,0.5658716859163037,0.5724417168873661,0.5717823130524995,0.0006594038348666231,0.21252350541800613,0.004720511522971815,0.21252350541800613,0.004720511522971815,4.13877271163759e-07,1.7394489966658385e-19,False,False,FLOATING_D_NOT_CERTIFIED_REGRET
20262018,M1_16,3000,interior_half,primary_interior,5.143037576828834,AVAILABLE,,0.054101562500000006,0.05259262098465113,interior,interior_grid,0.7272422370360871,0.716436557886015,0.7163464974857452,9.00604002698202e-05,0.11864814885518715,-0.0012084253987936222,0.11864814885518715,0.0012084253987936222,4.13877271163759e-07,1.7394489966658385e-19,False,False,FLOATING_D_NOT_CERTIFIED_REGRET
20262018,M1_16,3000,interior_three_quarters,primary_interior,7.228365429988326,AVAILABLE,,0.02,0.032677022493444396,interior,lower_boundary,0.7823111799208193,0.8158172928936476,0.8034316653216095,0.012385627572038094,-2.0853278531594928,1.4671743167605262,2.0853278531594928,0.0,4.13877271163759e-07,1.7394489966658385e-19,True,False,FLOATING_D_NOT_CERTIFIED_REGRET
20262018,M1_16,3000,A_transition,secondary_boundary_or_transition,9.313693283147819,AVAILABLE,,0.02,0.02,lower_boundary,lower_boundary,0.8240177369840092,0.8575238499568374,0.8575238499568374,0.0,0.0,3.552502169920019,0.0,0.0,4.13877271163759e-07,0.0,False,False,FLOATING_D_NOT_CERTIFIED_REGRET
20262018,M1_16,3000,A_three_halves,secondary_boundary_or_transition,13.970539924721727,AVAILABLE,,0.02,0.02,lower_boundary,lower_boundary,0.9171546698154873,0.9506607827883156,0.9506607827883156,0.0,4.6568466415739085,8.209348811493928,0.0,0.0,4.13877271163759e-07,0.0,False,False,FLOATING_D_NOT_CERTIFIED_REGRET
20262018,M2_16,300,B_half,secondary_boundary_or_transition,0.48619093525492485,AVAILABLE,,0.2,0.2,upper_boundary,upper_boundary,0.09724265710459958,0.19553766073977313,0.19553766073977313,0.0,-0.48619093525492485,-2.7516587790251528,0.0,0.0,1.638521762953012e-07,0.0,False,False,FLOATING_D_NOT_CERTIFIED_REGRET
20262018,M2_16,300,B_transition,secondary_boundary_or_transition,0.9723818705098497,AVAILABLE,,0.2,0.2,upper_boundary,upper_boundary,0.19448084415558456,0.2927758477907581,0.2927758477907581,0.0,0.0,-2.265467843770228,0.0,0.0,1.638521762953012e-07,0.0,False,False,FLOATING_D_NOT_CERTIFIED_REGRET
20262018,M2_16,300,interior_quarter,primary_interior,3.0577097236693422,AVAILABLE,,0.02,0.09106390413362532,interior,lower_boundary,0.6025094553159113,0.7324041787672679,0.5717823130524995,0.16062186571476844,-6.2559835594784765,0.21832460439716206,6.2559835594784765,0.0,1.638521762953012e-07,1.7394489966658385e-19,True,False,FLOATING_D_NOT_CERTIFIED_REGRET
20262018,M2_16,300,interior_half,primary_interior,5.143037576828834,AVAILABLE,,0.02,0.05259262098465113,interior,lower_boundary,0.6442160123791011,0.7741107358304578,0.7163464974857452,0.05776423834471256,-4.170655706318985,2.303652457556654,4.170655706318985,0.0,1.638521762953012e-07,1.7394489966658385e-19,True,False,FLOATING_D_NOT_CERTIFIED_REGRET
20262018,M2_16,300,interior_three_quarters,primary_interior,7.228365429988326,AVAILABLE,,0.02,0.032677022493444396,interior,lower_boundary,0.6859225694422909,0.8158172928936476,0.8034316653216095,0.012385627572038094,-2.0853278531594928,4.388980310716146,2.0853278531594928,0.0,1.638521762953012e-07,1.7394489966658385e-19,True,False,FLOATING_D_NOT_CERTIFIED_REGRET
20262018,M2_16,300,A_transition,secondary_boundary_or_transition,9.313693283147819,AVAILABLE,,0.02,0.02,lower_boundary,lower_boundary,0.7276291265054807,0.8575238499568374,0.8575238499568374,0.0,0.0,6.474308163875639,0.0,0.0,1.638521762953012e-07,0.0,False,False,FLOATING_D_NOT_CERTIFIED_REGRET
20262018,M2_16,300,A_three_halves,secondary_boundary_or_transition,13.970539924721727,AVAILABLE,,0.02,0.02,lower_boundary,lower_boundary,0.820766059336959,0.9506607827883156,0.9506607827883156,0.0,4.6568466415739085,11.131154805449547,0.0,0.0,1.638521762953012e-07,0.0,False,False,FLOATING_D_NOT_CERTIFIED_REGRET
20262018,M2_16,3000,B_half,secondary_boundary_or_transition,0.48619093525492485,AVAILABLE,,0.2,0.2,upper_boundary,upper_boundary,0.19202585082960455,0.19553766073977313,0.19553766073977313,0.0,-0.48619093525492485,-1.2694093157928168,0.0,0.0,3.169012121257646e-07,0.0,False,False,FLOATING_D_NOT_CERTIFIED_REGRET
20262018,M2_16,3000,B_transition,secondary_boundary_or_transition,0.9723818705098497,AVAILABLE,,0.2,0.2,upper_boundary,upper_boundary,0.2892640378805895,0.2927758477907581,0.2927758477907581,0.0,0.0,-0.7832183805378918,0.0,0.0,3.169012121257646e-07,0.0,False,False,FLOATING_D_NOT_CERTIFIED_REGRET
20262018,M2_16,3000,interior_quarter,primary_interior,3.0577097236693422,AVAILABLE,,0.09646484375000001,0.09106390413362532,interior,interior_grid,0.5618356221857734,0.5723005053131801,0.5717823130524995,0.0005181922606806166,0.18910124241534243,0.00322950115873466,0.18910124241534243,0.00322950115873466,3.169012121257646e-07,1.7394489966658385e-19,False,False,FLOATING_D_NOT_CERTIFIED_REGRET
20262018,M2_16,3000,interior_half,primary_interior,5.143037576828834,AVAILABLE,,0.05990234375,0.05259262098465113,interior,interior_grid,0.7243745104543071,0.7183663218432856,0.7163464974857452,0.002019824357540445,0.5372448782387922,-0.0027217356554736227,0.5372448782387922,0.0027217356554736227,3.169012121257646e-07,1.7394489966658385e-19,False,False,FLOATING_D_NOT_CERTIFIED_REGRET
20262018,M2_16,3000,interior_three_quarters,primary_interior,7.228365429988326,AVAILABLE,,0.02,0.032677022493444396,interior,lower_boundary,0.808348842020805,0.8158172928936476,0.8034316653216095,0.012385627572038094,-2.0853278531594928,0.08920442952082386,2.0853278531594928,0.0,3.169012121257646e-07,1.7394489966658385e-19,True,False,FLOATING_D_NOT_CERTIFIED_REGRET
20262018,M2_16,3000,A_transition,secondary_boundary_or_transition,9.313693283147819,AVAILABLE,,0.02,0.02,lower_boundary,lower_boundary,0.8500553990839949,0.8575238499568374,0.8575238499568374,0.0,0.0,2.1745322826803166,0.0,0.0,3.169012121257646e-07,0.0,False,False,FLOATING_D_NOT_CERTIFIED_REGRET
20262018,M2_16,3000,A_three_halves,secondary_boundary_or_transition,13.970539924721727,AVAILABLE,,0.02,0.02,lower_boundary,lower_boundary,0.9431923319154731,0.9506607827883156,0.9506607827883156,0.0,4.6568466415739085,6.831378924254225,0.0,0.0,3.169012121257646e-07,0.0,False,False,FLOATING_D_NOT_CERTIFIED_REGRET
20262018,M1_32,300,B_half,secondary_boundary_or_transition,0.48619093525492485,AVAILABLE,,0.2,0.2,upper_boundary,upper_boundary,0.11272527322371174,0.19553766073977313,0.19553766073977313,0.0,-0.48619093525492485,-2.6040658948641133,0.0,0.0,1.836529627450139e-07,0.0,False,False,FLOATING_D_NOT_CERTIFIED_REGRET
20262018,M1_32,300,B_transition,secondary_boundary_or_transition,0.9723818705098497,AVAILABLE,,0.2,0.2,upper_boundary,upper_boundary,0.2099634602746967,0.2927758477907581,0.2927758477907581,0.0,0.0,-2.117874959609188,0.0,0.0,1.836529627450139e-07,0.0,False,False,FLOATING_D_NOT_CERTIFIED_REGRET
20262018,M1_32,300,interior_quarter,primary_interior,3.0577097236693422,AVAILABLE,,0.02,0.09106390413362532,interior,lower_boundary,0.5829608199228442,0.7324041787672679,0.5717823130524995,0.16062186571476844,-6.2559835594784765,0.8514451559461347,6.2559835594784765,0.0,1.836529627450139e-07,1.7394489966658385e-19,True,False,FLOATING_D_NOT_CERTIFIED_REGRET
20262018,M1_32,300,interior_half,primary_interior,5.143037576828834,AVAILABLE,,0.02,0.05259262098465113,interior,lower_boundary,0.624667376986034,0.7741107358304578,0.7163464974857452,0.05776423834471256,-4.170655706318985,2.9367730091056266,4.170655706318985,0.0,1.836529627450139e-07,1.7394489966658385e-19,True,False,FLOATING_D_NOT_CERTIFIED_REGRET
20262018,M1_32,300,interior_three_quarters,primary_interior,7.228365429988326,AVAILABLE,,0.02,0.032677022493444396,interior,lower_boundary,0.6663739340492238,0.8158172928936476,0.8034316653216095,0.012385627572038094,-2.0853278531594928,5.022100862265118,2.0853278531594928,0.0,1.836529627450139e-07,1.7394489966658385e-19,True,False,FLOATING_D_NOT_CERTIFIED_REGRET
20262018,M1_32,300,A_transition,secondary_boundary_or_transition,9.313693283147819,AVAILABLE,,0.02,0.02,lower_boundary,lower_boundary,0.7080804911124137,0.8575238499568374,0.8575238499568374,0.0,0.0,7.107428715424611,0.0,0.0,1.836529627450139e-07,0.0,False,False,FLOATING_D_NOT_CERTIFIED_REGRET
20262018,M1_32,300,A_three_halves,secondary_boundary_or_transition,13.970539924721727,AVAILABLE,,0.02,0.02,lower_boundary,lower_boundary,0.8012174239438918,0.9506607827883156,0.9506607827883156,0.0,4.6568466415739085,11.76427535699852,0.0,0.0,1.836529627450139e-07,0.0,False,False,FLOATING_D_NOT_CERTIFIED_REGRET
20262018,M1_32,3000,B_half,secondary_boundary_or_transition,0.48619093525492485,AVAILABLE,,0.2,0.2,upper_boundary,upper_boundary,0.1765300869970301,0.19553766073977313,0.19553766073977313,0.0,-0.48619093525492485,-2.014395847354725,0.0,0.0,4.120576443184227e-07,0.0,False,False,FLOATING_D_NOT_CERTIFIED_REGRET
20262018,M1_32,3000,B_transition,secondary_boundary_or_transition,0.9723818705098497,AVAILABLE,,0.2,0.2,upper_boundary,upper_boundary,0.27376827404801507,0.2927758477907581,0.2927758477907581,0.0,0.0,-1.5282049120998,0.0,0.0,4.120576443184227e-07,0.0,False,False,FLOATING_D_NOT_CERTIFIED_REGRET
20262018,M1_32,3000,interior_quarter,primary_interior,3.0577097236693422,AVAILABLE,,0.09699218750000001,0.09106390413362532,interior,interior_grid,0.5657124877227553,0.5724048714918346,0.5717823130524995,0.0006225584393351191,0.20669250184320953,-0.004509094156039062,0.20669250184320953,0.004509094156039062,4.120576443184227e-07,1.7394489966658385e-19,False,False,FLOATING_D_NOT_CERTIFIED_REGRET
20262018,M1_32,3000,interior_half,primary_interior,5.143037576828834,AVAILABLE,,0.05462890625,0.05259262098465113,interior,interior_grid,0.7273646957277906,0.7165098167259658,0.7163464974857452,0.00016331924022061628,0.1591076729692995,-0.00053830487131723,0.1591076729692995,0.00053830487131723,4.120576443184227e-07,1.7394489966658385e-19,False,False,FLOATING_D_NOT_CERTIFIED_REGRET
20262018,M1_32,3000,interior_three_quarters,primary_interior,7.228365429988326,AVAILABLE,,0.02,0.032677022493444396,interior,lower_boundary,0.7834012497636332,0.8158172928936476,0.8034316653216095,0.012385627572038094,-2.0853278531594928,1.4284260263239759,2.0853278531594928,0.0,4.120576443184227e-07,1.7394489966658385e-19,True,False,FLOATING_D_NOT_CERTIFIED_REGRET
20262018,M1_32,3000,A_transition,secondary_boundary_or_transition,9.313693283147819,AVAILABLE,,0.02,0.02,lower_boundary,lower_boundary,0.825107806826823,0.8575238499568374,0.8575238499568374,0.0,0.0,3.5137538794834686,0.0,0.0,4.120576443184227e-07,0.0,False,False,FLOATING_D_NOT_CERTIFIED_REGRET
20262018,M1_32,3000,A_three_halves,secondary_boundary_or_transition,13.970539924721727,AVAILABLE,,0.02,0.02,lower_boundary,lower_boundary,0.9182447396583013,0.9506607827883156,0.9506607827883156,0.0,4.6568466415739085,8.170600521057377,0.0,0.0,4.120576443184227e-07,0.0,False,False,FLOATING_D_NOT_CERTIFIED_REGRET
20262019,M1_16,300,B_half,secondary_boundary_or_transition,0.48619093525492485,AVAILABLE,,0.2,0.2,upper_boundary,upper_boundary,0.12307130367883895,0.19553766073977313,0.19553766073977313,0.0,-0.48619093525492485,-1.9069175926808803,0.0,0.0,2.039305136217318e-07,0.0,False,False,FLOATING_D_NOT_CERTIFIED_REGRET
20262019,M1_16,300,B_transition,secondary_boundary_or_transition,0.9723818705098497,AVAILABLE,,0.2,0.2,upper_boundary,upper_boundary,0.22030949072982392,0.2927758477907581,0.2927758477907581,0.0,0.0,-1.4207266574259554,0.0,0.0,2.039305136217318e-07,0.0,False,False,FLOATING_D_NOT_CERTIFIED_REGRET
20262019,M1_16,300,interior_quarter,primary_interior,3.0577097236693422,AVAILABLE,,0.02,0.09106390413362532,interior,lower_boundary,0.5685965639247602,0.7324041787672679,0.5717823130524995,0.16062186571476844,-6.2559835594784765,1.6006112336928602,6.2559835594784765,0.0,2.039305136217318e-07,1.7394489966658385e-19,True,False,FLOATING_D_NOT_CERTIFIED_REGRET
20262019,M1_16,300,interior_half,primary_interior,5.143037576828834,AVAILABLE,,0.02,0.05259262098465113,interior,lower_boundary,0.61030312098795,0.7741107358304578,0.7163464974857452,0.05776423834471256,-4.170655706318985,3.6859390868523523,4.170655706318985,0.0,2.039305136217318e-07,1.7394489966658385e-19,True,False,FLOATING_D_NOT_CERTIFIED_REGRET
20262019,M1_16,300,interior_three_quarters,primary_interior,7.228365429988326,AVAILABLE,,0.02,0.032677022493444396,interior,lower_boundary,0.6520096780511399,0.8158172928936476,0.8034316653216095,0.012385627572038094,-2.0853278531594928,5.771266940011844,2.0853278531594928,0.0,2.039305136217318e-07,1.7394489966658385e-19,True,False,FLOATING_D_NOT_CERTIFIED_REGRET
20262019,M1_16,300,A_transition,secondary_boundary_or_transition,9.313693283147819,AVAILABLE,,0.02,0.02,lower_boundary,lower_boundary,0.6937162351143297,0.8575238499568374,0.8575238499568374,0.0,0.0,7.856594793171337,0.0,0.0,2.039305136217318e-07,0.0,False,False,FLOATING_D_NOT_CERTIFIED_REGRET
20262019,M1_16,300,A_three_halves,secondary_boundary_or_transition,13.970539924721727,AVAILABLE,,0.02,0.02,lower_boundary,lower_boundary,0.786853167945808,0.9506607827883156,0.9506607827883156,0.0,4.6568466415739085,12.513441434745245,0.0,0.0,2.039305136217318e-07,0.0,False,False,FLOATING_D_NOT_CERTIFIED_REGRET
20262019,M1_16,3000,B_half,secondary_boundary_or_transition,0.48619093525492485,AVAILABLE,,0.19384765625,0.2,upper_boundary,interior_grid,0.19945125640687725,0.19871606268534903,0.19553766073977313,0.0031784019455758927,-0.5476887909333502,0.0010082327235236277,0.5476887909333502,0.0010082327235236277,2.528725570016159e-07,0.0,True,False,FLOATING_D_NOT_CERTIFIED_REGRET
20262019,M1_16,3000,B_transition,secondary_boundary_or_transition,0.9723818705098497,AVAILABLE,,0.17451171875000002,0.2,upper_boundary,interior_grid,0.28884105176034036,0.2962159406345075,0.2927758477907581,0.0034400928437494094,-0.2823902413194721,-0.0011669709807528017,0.2823902413194721,0.0011669709807528017,2.528725570016159e-07,0.0,True,False,FLOATING_D_NOT_CERTIFIED_REGRET
20262019,M1_16,3000,interior_quarter,primary_interior,3.0577097236693422,AVAILABLE,,0.10947265625000001,0.09106390413362532,interior,interior_grid,0.5836732565876593,0.5774126096232799,0.5717823130524995,0.005630296570780402,0.5839671495663699,-0.0009868267412525,0.5839671495663699,0.0009868267412525,2.528725570016159e-07,1.7394489966658385e-19,False,False,FLOATING_D_NOT_CERTIFIED_REGRET
20262019,M1_16,3000,interior_half,primary_interior,5.143037576828834,AVAILABLE,,0.02,0.05259262098465113,interior,lower_boundary,0.6950377404271798,0.7741107358304578,0.7163464974857452,0.05776423834471256,-4.170655706318985,1.2856676059111511,4.170655706318985,0.0,2.528725570016159e-07,1.7394489966658385e-19,True,False,FLOATING_D_NOT_CERTIFIED_REGRET
20262019,M1_16,3000,interior_three_quarters,primary_interior,7.228365429988326,AVAILABLE,,0.02,0.032677022493444396,interior,lower_boundary,0.7367442974903696,0.8158172928936476,0.8034316653216095,0.012385627572038094,-2.0853278531594928,3.370995459070643,2.0853278531594928,0.0,2.528725570016159e-07,1.7394489966658385e-19,True,False,FLOATING_D_NOT_CERTIFIED_REGRET
20262019,M1_16,3000,A_transition,secondary_boundary_or_transition,9.313693283147819,AVAILABLE,,0.02,0.02,lower_boundary,lower_boundary,0.7784508545535594,0.8575238499568374,0.8575238499568374,0.0,0.0,5.456323312230136,0.0,0.0,2.528725570016159e-07,0.0,False,False,FLOATING_D_NOT_CERTIFIED_REGRET
20262019,M1_16,3000,A_three_halves,secondary_boundary_or_transition,13.970539924721727,AVAILABLE,,0.02,0.02,lower_boundary,lower_boundary,0.8715877873850377,0.9506607827883156,0.9506607827883156,0.0,4.6568466415739085,10.113169953804045,0.0,0.0,2.528725570016159e-07,0.0,False,False,FLOATING_D_NOT_CERTIFIED_REGRET
20262019,M2_16,300,B_half,secondary_boundary_or_transition,0.48619093525492485,AVAILABLE,,0.2,0.2,upper_boundary,upper_boundary,0.10445844900246845,0.19553766073977313,0.19553766073977313,0.0,-0.48619093525492485,-1.7796886753842736,0.0,0.0,2.0034855851042002e-07,0.0,False,False,FLOATING_D_NOT_CERTIFIED_REGRET
20262019,M2_16,300,B_transition,secondary_boundary_or_transition,0.9723818705098497,AVAILABLE,,0.2,0.2,upper_boundary,upper_boundary,0.20169663605345342,0.2927758477907581,0.2927758477907581,0.0,0.0,-1.2934977401293486,0.0,0.0,2.0034855851042002e-07,0.0,False,False,FLOATING_D_NOT_CERTIFIED_REGRET
20262019,M2_16,300,interior_quarter,primary_interior,3.0577097236693422,AVAILABLE,,0.02,0.09106390413362532,interior,lower_boundary,0.5939322821761538,0.7324041787672679,0.5717823130524995,0.16062186571476844,-6.2559835594784765,0.9729149815505949,6.2559835594784765,0.0,2.0034855851042002e-07,1.7394489966658385e-19,True,False,FLOATING_D_NOT_CERTIFIED_REGRET
20262019,M2_16,300,interior_half,primary_interior,5.143037576828834,AVAILABLE,,0.02,0.05259262098465113,interior,lower_boundary,0.6356388392393436,0.7741107358304578,0.7163464974857452,0.05776423834471256,-4.170655706318985,3.0582428347100867,4.170655706318985,0.0,2.0034855851042002e-07,1.7394489966658385e-19,True,False,FLOATING_D_NOT_CERTIFIED_REGRET
20262019,M2_16,300,interior_three_quarters,primary_interior,7.228365429988326,AVAILABLE,,0.02,0.032677022493444396,interior,lower_boundary,0.6773453963025334,0.8158172928936476,0.8034316653216095,0.012385627572038094,-2.0853278531594928,5.143570687869579,2.0853278531594928,0.0,2.0034855851042002e-07,1.7394489966658385e-19,True,False,FLOATING_D_NOT_CERTIFIED_REGRET
20262019,M2_16,300,A_transition,secondary_boundary_or_transition,9.313693283147819,AVAILABLE,,0.02,0.02,lower_boundary,lower_boundary,0.7190519533657233,0.8575238499568374,0.8575238499568374,0.0,0.0,7.228898541029071,0.0,0.0,2.0034855851042002e-07,0.0,False,False,FLOATING_D_NOT_CERTIFIED_REGRET
20262019,M2_16,300,A_three_halves,secondary_boundary_or_transition,13.970539924721727,AVAILABLE,,0.02,0.02,lower_boundary,lower_boundary,0.8121888861972015,0.9506607827883156,0.9506607827883156,0.0,4.6568466415739085,11.88574518260298,0.0,0.0,2.0034855851042002e-07,0.0,False,False,FLOATING_D_NOT_CERTIFIED_REGRET
20262019,M2_16,3000,B_half,secondary_boundary_or_transition,0.48619093525492485,AVAILABLE,,0.2,0.2,upper_boundary,upper_boundary,0.1944265002780146,0.19553766073977313,0.19553766073977313,0.0,-0.48619093525492485,-0.862134860353761,0.0,0.0,3.275677012611612e-07,0.0,False,False,FLOATING_D_NOT_CERTIFIED_REGRET
20262019,M2_16,3000,B_transition,secondary_boundary_or_transition,0.9723818705098497,AVAILABLE,,0.2,0.2,upper_boundary,upper_boundary,0.2916646873289996,0.2927758477907581,0.2927758477907581,0.0,0.0,-0.3759439250988361,0.0,0.0,3.275677012611612e-07,0.0,False,False,FLOATING_D_NOT_CERTIFIED_REGRET
20262019,M2_16,3000,interior_quarter,primary_interior,3.0577097236693422,AVAILABLE,,0.09558593750000001,0.09106390413362532,interior,interior_grid,0.5639879924537607,0.5721473024741519,0.5717823130524995,0.00036498942165241743,0.1594506372901403,0.0006726270396391065,0.1594506372901403,0.0006726270396391065,3.275677012611612e-07,1.7394489966658385e-19,False,False,FLOATING_D_NOT_CERTIFIED_REGRET
20262019,M2_16,3000,interior_half,primary_interior,5.143037576828834,AVAILABLE,,0.05902343750000001,0.05259262098465113,interior,interior_grid,0.7239838254492409,0.7179203504576777,0.7163464974857452,0.0015738529719324656,0.4773876400707584,0.002742617979921924,0.4773876400707584,0.002742617979921924,3.275677012611612e-07,1.7394489966658385e-19,False,False,FLOATING_D_NOT_CERTIFIED_REGRET
20262019,M2_16,3000,interior_three_quarters,primary_interior,7.228365429988326,AVAILABLE,,0.02,0.032677022493444396,interior,lower_boundary,0.808568755214023,0.8158172928936476,0.8034316653216095,0.012385627572038094,-2.0853278531594928,0.0025238532631481903,2.0853278531594928,0.0,3.275677012611612e-07,1.7394489966658385e-19,True,False,FLOATING_D_NOT_CERTIFIED_REGRET
20262019,M2_16,3000,A_transition,secondary_boundary_or_transition,9.313693283147819,AVAILABLE,,0.02,0.02,lower_boundary,lower_boundary,0.8502753122772129,0.8575238499568374,0.8575238499568374,0.0,0.0,2.087851706422641,0.0,0.0,3.275677012611612e-07,0.0,False,False,FLOATING_D_NOT_CERTIFIED_REGRET
20262019,M2_16,3000,A_three_halves,secondary_boundary_or_transition,13.970539924721727,AVAILABLE,,0.02,0.02,lower_boundary,lower_boundary,0.943412245108691,0.9506607827883156,0.9506607827883156,0.0,4.6568466415739085,6.744698347996549,0.0,0.0,3.275677012611612e-07,0.0,False,False,FLOATING_D_NOT_CERTIFIED_REGRET
20262019,M1_32,300,B_half,secondary_boundary_or_transition,0.48619093525492485,AVAILABLE,,0.2,0.2,upper_boundary,upper_boundary,0.12282045516558826,0.19553766073977313,0.19553766073977313,0.0,-0.48619093525492485,-1.9109221657326891,0.0,0.0,2.0392332434383418e-07,0.0,False,False,FLOATING_D_NOT_CERTIFIED_REGRET
20262019,M1_32,300,B_transition,secondary_boundary_or_transition,0.9723818705098497,AVAILABLE,,0.2,0.2,upper_boundary,upper_boundary,0.22005864221657323,0.2927758477907581,0.2927758477907581,0.0,0.0,-1.4247312304777642,0.0,0.0,2.0392332434383418e-07,0.0,False,False,FLOATING_D_NOT_CERTIFIED_REGRET
20262019,M1_32,300,interior_quarter,primary_interior,3.0577097236693422,AVAILABLE,,0.02,0.09106390413362532,interior,lower_boundary,0.5692366995091535,0.7324041787672679,0.5717823130524995,0.16062186571476844,-6.2559835594784765,1.5957779145514543,6.2559835594784765,0.0,2.0392332434383418e-07,1.7394489966658385e-19,True,False,FLOATING_D_NOT_CERTIFIED_REGRET
20262019,M1_32,300,interior_half,primary_interior,5.143037576828834,AVAILABLE,,0.02,0.05259262098465113,interior,lower_boundary,0.6109432565723433,0.7741107358304578,0.7163464974857452,0.05776423834471256,-4.170655706318985,3.681105767710946,4.170655706318985,0.0,2.0392332434383418e-07,1.7394489966658385e-19,True,False,FLOATING_D_NOT_CERTIFIED_REGRET
20262019,M1_32,300,interior_three_quarters,primary_interior,7.228365429988326,AVAILABLE,,0.02,0.032677022493444396,interior,lower_boundary,0.6526498136355331,0.8158172928936476,0.8034316653216095,0.012385627572038094,-2.0853278531594928,5.766433620870438,2.0853278531594928,0.0,2.0392332434383418e-07,1.7394489966658385e-19,True,False,FLOATING_D_NOT_CERTIFIED_REGRET
20262019,M1_32,300,A_transition,secondary_boundary_or_transition,9.313693283147819,AVAILABLE,,0.02,0.02,lower_boundary,lower_boundary,0.6943563706987229,0.8575238499568374,0.8575238499568374,0.0,0.0,7.851761474029931,0.0,0.0,2.0392332434383418e-07,0.0,False,False,FLOATING_D_NOT_CERTIFIED_REGRET
20262019,M1_32,300,A_three_halves,secondary_boundary_or_transition,13.970539924721727,AVAILABLE,,0.02,0.02,lower_boundary,lower_boundary,0.7874933035302012,0.9506607827883156,0.9506607827883156,0.0,4.6568466415739085,12.50860811560384,0.0,0.0,2.0392332434383418e-07,0.0,False,False,FLOATING_D_NOT_CERTIFIED_REGRET
20262019,M1_32,3000,B_half,secondary_boundary_or_transition,0.48619093525492485,AVAILABLE,,0.19349609375000001,0.2,upper_boundary,interior_grid,0.19967986942221438,0.19890924774077456,0.19553766073977313,0.0033715870010014304,-0.551321716166946,-0.0014748342207978604,0.551321716166946,0.0014748342207978604,2.5360605982366024e-07,0.0,True,False,FLOATING_D_NOT_CERTIFIED_REGRET
20262019,M1_32,3000,B_transition,secondary_boundary_or_transition,0.9723818705098497,AVAILABLE,,0.1743359375,0.2,upper_boundary,interior_grid,0.2889344860443652,0.29626577467253445,0.2927758477907581,0.0034899268817763507,-0.2846110598430329,0.002267182350295105,0.2846110598430329,0.002267182350295105,2.5360605982366024e-07,0.0,True,False,FLOATING_D_NOT_CERTIFIED_REGRET
20262019,M1_32,3000,interior_quarter,primary_interior,3.0577097236693422,AVAILABLE,,0.10947265625000001,0.09106390413362532,interior,interior_grid,0.5833077679661496,0.5774126096232799,0.5717823130524995,0.005630296570780402,0.5839671495663699,-0.0006421365034019466,0.5839671495663699,0.0006421365034019466,2.5360605982366024e-07,1.7394489966658385e-19,False,False,FLOATING_D_NOT_CERTIFIED_REGRET
20262019,M1_32,3000,interior_half,primary_interior,5.143037576828834,AVAILABLE,,0.02,0.05259262098465113,interior,lower_boundary,0.696712486771957,0.7741107358304578,0.7163464974857452,0.05776423834471256,-4.170655706318985,1.2398019727302105,4.170655706318985,0.0,2.5360605982366024e-07,1.7394489966658385e-19,True,False,FLOATING_D_NOT_CERTIFIED_REGRET
20262019,M1_32,3000,interior_three_quarters,primary_interior,7.228365429988326,AVAILABLE,,0.02,0.032677022493444396,interior,lower_boundary,0.7384190438351468,0.8158172928936476,0.8034316653216095,0.012385627572038094,-2.0853278531594928,3.3251298258897024,2.0853278531594928,0.0,2.5360605982366024e-07,1.7394489966658385e-19,True,False,FLOATING_D_NOT_CERTIFIED_REGRET
20262019,M1_32,3000,A_transition,secondary_boundary_or_transition,9.313693283147819,AVAILABLE,,0.02,0.02,lower_boundary,lower_boundary,0.7801256008983366,0.8575238499568374,0.8575238499568374,0.0,0.0,5.410457679049195,0.0,0.0,2.5360605982366024e-07,0.0,False,False,FLOATING_D_NOT_CERTIFIED_REGRET
20262019,M1_32,3000,A_three_halves,secondary_boundary_or_transition,13.970539924721727,AVAILABLE,,0.02,0.02,lower_boundary,lower_boundary,0.8732625337298148,0.9506607827883156,0.9506607827883156,0.0,4.6568466415739085,10.067304320623103,0.0,0.0,2.5360605982366024e-07,0.0,False,False,FLOATING_D_NOT_CERTIFIED_REGRET
20262020,M1_16,300,B_half,secondary_boundary_or_transition,0.48619093525492485,AVAILABLE,,0.2,0.2,upper_boundary,upper_boundary,0.11984270823161246,0.19553766073977313,0.19553766073977313,0.0,-0.48619093525492485,-2.0261001019839213,0.0,0.0,2.855781705669639e-07,0.0,False,False,FLOATING_D_NOT_CERTIFIED_REGRET
20262020,M1_16,300,B_transition,secondary_boundary_or_transition,0.9723818705098497,AVAILABLE,,0.2,0.2,upper_boundary,upper_boundary,0.2170808952825974,0.2927758477907581,0.2927758477907581,0.0,0.0,-1.5399091667289964,0.0,0.0,2.855781705669639e-07,0.0,False,False,FLOATING_D_NOT_CERTIFIED_REGRET
20262020,M1_16,300,interior_quarter,primary_interior,3.0577097236693422,AVAILABLE,,0.02,0.09106390413362532,interior,lower_boundary,0.5668567526627519,0.7324041787672679,0.5717823130524995,0.16062186571476844,-6.2559835594784765,1.615948805498439,6.2559835594784765,0.0,2.855781705669639e-07,1.7394489966658385e-19,True,False,FLOATING_D_NOT_CERTIFIED_REGRET
20262020,M1_16,300,interior_half,primary_interior,5.143037576828834,AVAILABLE,,0.02,0.05259262098465113,interior,lower_boundary,0.6085633097259417,0.7741107358304578,0.7163464974857452,0.05776423834471256,-4.170655706318985,3.701276658657931,4.170655706318985,0.0,2.855781705669639e-07,1.7394489966658385e-19,True,False,FLOATING_D_NOT_CERTIFIED_REGRET
20262020,M1_16,300,interior_three_quarters,primary_interior,7.228365429988326,AVAILABLE,,0.02,0.032677022493444396,interior,lower_boundary,0.6502698667891316,0.8158172928936476,0.8034316653216095,0.012385627572038094,-2.0853278531594928,5.786604511817423,2.0853278531594928,0.0,2.855781705669639e-07,1.7394489966658385e-19,True,False,FLOATING_D_NOT_CERTIFIED_REGRET
20262020,M1_16,300,A_transition,secondary_boundary_or_transition,9.313693283147819,AVAILABLE,,0.02,0.02,lower_boundary,lower_boundary,0.6919764238523214,0.8575238499568374,0.8575238499568374,0.0,0.0,7.8719323649769155,0.0,0.0,2.855781705669639e-07,0.0,False,False,FLOATING_D_NOT_CERTIFIED_REGRET
20262020,M1_16,300,A_three_halves,secondary_boundary_or_transition,13.970539924721727,AVAILABLE,,0.02,0.02,lower_boundary,lower_boundary,0.7851133566837996,0.9506607827883156,0.9506607827883156,0.0,4.6568466415739085,12.528779006550824,0.0,0.0,2.855781705669639e-07,0.0,False,False,FLOATING_D_NOT_CERTIFIED_REGRET
20262020,M1_16,3000,B_half,secondary_boundary_or_transition,0.48619093525492485,AVAILABLE,,0.2,0.2,upper_boundary,upper_boundary,0.1953629390933398,0.19553766073977313,0.19553766073977313,0.0,-0.48619093525492485,-0.5758303054499306,0.0,0.0,4.856636261500123e-07,0.0,False,False,FLOATING_D_NOT_CERTIFIED_REGRET
20262020,M1_16,3000,B_transition,secondary_boundary_or_transition,0.9723818705098497,AVAILABLE,,0.2,0.2,upper_boundary,upper_boundary,0.29260112614432476,0.2927758477907581,0.2927758477907581,0.0,0.0,-0.08963937019500579,0.0,0.0,4.856636261500123e-07,0.0,False,False,FLOATING_D_NOT_CERTIFIED_REGRET
20262020,M1_16,3000,interior_quarter,primary_interior,3.0577097236693422,AVAILABLE,,0.09470703125000002,0.09106390413362532,interior,interior_grid,0.5696353557790323,0.5720203448563899,0.5717823130524995,0.0002380318038903706,0.12937722499217097,-0.0039600338865377616,0.12937722499217097,0.0039600338865377616,4.856636261500123e-07,1.7394489966658385e-19,False,False,FLOATING_D_NOT_CERTIFIED_REGRET
20262020,M1_16,3000,interior_half,primary_interior,5.143037576828834,AVAILABLE,,0.05533203125000001,0.05259262098465113,interior,interior_grid,0.7258578410033096,0.7166404305122014,0.7163464974857452,0.00029393302645619457,0.21226771772524877,0.0032218393466045825,0.21226771772524877,0.0032218393466045825,4.856636261500123e-07,1.7394489966658385e-19,False,False,FLOATING_D_NOT_CERTIFIED_REGRET
20262020,M1_16,3000,interior_three_quarters,primary_interior,7.228365429988326,AVAILABLE,,0.02,0.032677022493444396,interior,lower_boundary,0.7796874837122656,0.8158172928936476,0.8034316653216095,0.012385627572038094,-2.0853278531594928,1.9275735358411934,2.0853278531594928,0.0,4.856636261500123e-07,1.7394489966658385e-19,True,False,FLOATING_D_NOT_CERTIFIED_REGRET
20262020,M1_16,3000,A_transition,secondary_boundary_or_transition,9.313693283147819,AVAILABLE,,0.02,0.02,lower_boundary,lower_boundary,0.8213940407754554,0.8575238499568374,0.8575238499568374,0.0,0.0,4.012901389000686,0.0,0.0,4.856636261500123e-07,0.0,False,False,FLOATING_D_NOT_CERTIFIED_REGRET
20262020,M1_16,3000,A_three_halves,secondary_boundary_or_transition,13.970539924721727,AVAILABLE,,0.02,0.02,lower_boundary,lower_boundary,0.9145309736069336,0.9506607827883156,0.9506607827883156,0.0,4.6568466415739085,8.669748030574596,0.0,0.0,4.856636261500123e-07,0.0,False,False,FLOATING_D_NOT_CERTIFIED_REGRET
20262020,M2_16,300,B_half,secondary_boundary_or_transition,0.48619093525492485,AVAILABLE,,0.2,0.2,upper_boundary,upper_boundary,0.10400811328675977,0.19553766073977313,0.19553766073977313,0.0,-0.48619093525492485,-1.8175324728020925,0.0,0.0,2.837899070723812e-07,0.0,False,False,FLOATING_D_NOT_CERTIFIED_REGRET
20262020,M2_16,300,B_transition,secondary_boundary_or_transition,0.9723818705098497,AVAILABLE,,0.2,0.2,upper_boundary,upper_boundary,0.20124630033774474,0.2927758477907581,0.2927758477907581,0.0,0.0,-1.3313415375471676,0.0,0.0,2.837899070723812e-07,0.0,False,False,FLOATING_D_NOT_CERTIFIED_REGRET
20262020,M2_16,300,interior_quarter,primary_interior,3.0577097236693422,AVAILABLE,,0.02,0.09106390413362532,interior,lower_boundary,0.5935616358023432,0.7324041787672679,0.5717823130524995,0.16062186571476844,-6.2559835594784765,0.9004452113097603,6.2559835594784765,0.0,2.837899070723812e-07,1.7394489966658385e-19,True,False,FLOATING_D_NOT_CERTIFIED_REGRET
20262020,M2_16,300,interior_half,primary_interior,5.143037576828834,AVAILABLE,,0.02,0.05259262098465113,interior,lower_boundary,0.635268192865533,0.7741107358304578,0.7163464974857452,0.05776423834471256,-4.170655706318985,2.985773064469252,4.170655706318985,0.0,2.837899070723812e-07,1.7394489966658385e-19,True,False,FLOATING_D_NOT_CERTIFIED_REGRET
20262020,M2_16,300,interior_three_quarters,primary_interior,7.228365429988326,AVAILABLE,,0.02,0.032677022493444396,interior,lower_boundary,0.6769747499287229,0.8158172928936476,0.8034316653216095,0.012385627572038094,-2.0853278531594928,5.071100917628744,2.0853278531594928,0.0,2.837899070723812e-07,1.7394489966658385e-19,True,False,FLOATING_D_NOT_CERTIFIED_REGRET
20262020,M2_16,300,A_transition,secondary_boundary_or_transition,9.313693283147819,AVAILABLE,,0.02,0.02,lower_boundary,lower_boundary,0.7186813069919127,0.8575238499568374,0.8575238499568374,0.0,0.0,7.156428770788237,0.0,0.0,2.837899070723812e-07,0.0,False,False,FLOATING_D_NOT_CERTIFIED_REGRET
20262020,M2_16,300,A_three_halves,secondary_boundary_or_transition,13.970539924721727,AVAILABLE,,0.02,0.02,lower_boundary,lower_boundary,0.8118182398233909,0.9506607827883156,0.9506607827883156,0.0,4.6568466415739085,11.813275412362145,0.0,0.0,2.837899070723812e-07,0.0,False,False,FLOATING_D_NOT_CERTIFIED_REGRET
20262020,M2_16,3000,B_half,secondary_boundary_or_transition,0.48619093525492485,AVAILABLE,,0.2,0.2,upper_boundary,upper_boundary,0.1925146861981999,0.19553766073977313,0.19553766073977313,0.0,-0.48619093525492485,-0.867665476470148,0.0,0.0,5.549586182972161e-07,0.0,False,False,FLOATING_D_NOT_CERTIFIED_REGRET
20262020,M2_16,3000,B_transition,secondary_boundary_or_transition,0.9723818705098497,AVAILABLE,,0.2,0.2,upper_boundary,upper_boundary,0.28975287324918486,0.2927758477907581,0.2927758477907581,0.0,0.0,-0.3814745412152232,0.0,0.0,5.549586182972161e-07,0.0,False,False,FLOATING_D_NOT_CERTIFIED_REGRET
20262020,M2_16,3000,interior_quarter,primary_interior,3.0577097236693422,AVAILABLE,,0.09066406250000002,0.09106390413362532,interior,interior_grid,0.5663580254322571,0.5717852451253767,0.5717823130524995,2.932072877159797e-06,-0.014682634232815683,0.0037931164017237506,0.014682634232815683,0.0037931164017237506,5.549586182972161e-07,1.7394489966658385e-19,False,False,FLOATING_D_NOT_CERTIFIED_REGRET
20262020,M2_16,3000,interior_half,primary_interior,5.143037576828834,AVAILABLE,,0.05673828125000001,0.05259262098465113,interior,interior_grid,0.7169008906404774,0.7170122502621337,0.7163464974857452,0.000665752776388473,0.31596971999270806,0.0001998553042081852,0.31596971999270806,0.0001998553042081852,5.549586182972161e-07,1.7394489966658385e-19,False,False,FLOATING_D_NOT_CERTIFIED_REGRET
20262020,M2_16,3000,interior_three_quarters,primary_interior,7.228365429988326,AVAILABLE,,0.03125,0.032677022493444396,interior,interior_grid,0.8085282629824004,0.8035717297443198,0.8034316653216095,0.0001400644227103065,-0.19765391697867862,1.649502127776259e-05,0.19765391697867862,1.649502127776259e-05,5.549586182972161e-07,1.7394489966658385e-19,False,False,FLOATING_D_NOT_CERTIFIED_REGRET
20262020,M2_16,3000,A_transition,secondary_boundary_or_transition,9.313693283147819,AVAILABLE,,0.02,0.02,lower_boundary,lower_boundary,0.8548569240034778,0.8575238499568374,0.8575238499568374,0.0,0.0,1.3006023015183032,0.0,0.0,5.549586182972161e-07,0.0,False,False,FLOATING_D_NOT_CERTIFIED_REGRET
20262020,M2_16,3000,A_three_halves,secondary_boundary_or_transition,13.970539924721727,AVAILABLE,,0.02,0.02,lower_boundary,lower_boundary,0.947993856834956,0.9506607827883156,0.9506607827883156,0.0,4.6568466415739085,5.957448943092212,0.0,0.0,5.549586182972161e-07,0.0,False,False,FLOATING_D_NOT_CERTIFIED_REGRET
20262020,M1_32,300,B_half,secondary_boundary_or_transition,0.48619093525492485,AVAILABLE,,0.2,0.2,upper_boundary,upper_boundary,0.11960609086650752,0.19553766073977313,0.19553766073977313,0.0,-0.48619093525492485,-2.0297793040586383,0.0,0.0,2.855738248884791e-07,0.0,False,False,FLOATING_D_NOT_CERTIFIED_REGRET
20262020,M1_32,300,B_transition,secondary_boundary_or_transition,0.9723818705098497,AVAILABLE,,0.2,0.2,upper_boundary,upper_boundary,0.2168442779174925,0.2927758477907581,0.2927758477907581,0.0,0.0,-1.5435883688037133,0.0,0.0,2.855738248884791e-07,0.0,False,False,FLOATING_D_NOT_CERTIFIED_REGRET
20262020,M1_32,300,interior_quarter,primary_interior,3.0577097236693422,AVAILABLE,,0.02,0.09106390413362532,interior,lower_boundary,0.5674909731980029,0.7324041787672679,0.5717823130524995,0.16062186571476844,-6.2559835594784765,1.6111063661875757,6.2559835594784765,0.0,2.855738248884791e-07,1.7394489966658385e-19,True,False,FLOATING_D_NOT_CERTIFIED_REGRET
20262020,M1_32,300,interior_half,primary_interior,5.143037576828834,AVAILABLE,,0.02,0.05259262098465113,interior,lower_boundary,0.6091975302611927,0.7741107358304578,0.7163464974857452,0.05776423834471256,-4.170655706318985,3.6964342193470676,4.170655706318985,0.0,2.855738248884791e-07,1.7394489966658385e-19,True,False,FLOATING_D_NOT_CERTIFIED_REGRET
20262020,M1_32,300,interior_three_quarters,primary_interior,7.228365429988326,AVAILABLE,,0.02,0.032677022493444396,interior,lower_boundary,0.6509040873243825,0.8158172928936476,0.8034316653216095,0.012385627572038094,-2.0853278531594928,5.7817620725065595,2.0853278531594928,0.0,2.855738248884791e-07,1.7394489966658385e-19,True,False,FLOATING_D_NOT_CERTIFIED_REGRET
20262020,M1_32,300,A_transition,secondary_boundary_or_transition,9.313693283147819,AVAILABLE,,0.02,0.02,lower_boundary,lower_boundary,0.6926106443875724,0.8575238499568374,0.8575238499568374,0.0,0.0,7.867089925666052,0.0,0.0,2.855738248884791e-07,0.0,False,False,FLOATING_D_NOT_CERTIFIED_REGRET
20262020,M1_32,300,A_three_halves,secondary_boundary_or_transition,13.970539924721727,AVAILABLE,,0.02,0.02,lower_boundary,lower_boundary,0.7857475772190505,0.9506607827883156,0.9506607827883156,0.0,4.6568466415739085,12.52393656723996,0.0,0.0,2.855738248884791e-07,0.0,False,False,FLOATING_D_NOT_CERTIFIED_REGRET
20262020,M1_32,3000,B_half,secondary_boundary_or_transition,0.48619093525492485,AVAILABLE,,0.2,0.2,upper_boundary,upper_boundary,0.19514054312093587,0.19553766073977313,0.19553766073977313,0.0,-0.48619093525492485,-0.5868245507578168,0.0,0.0,4.885354787337222e-07,0.0,False,False,FLOATING_D_NOT_CERTIFIED_REGRET
20262020,M1_32,3000,B_transition,secondary_boundary_or_transition,0.9723818705098497,AVAILABLE,,0.2,0.2,upper_boundary,upper_boundary,0.29237873017192084,0.2927758477907581,0.2927758477907581,0.0,0.0,-0.10063361550289196,0.0,0.0,4.885354787337222e-07,0.0,False,False,FLOATING_D_NOT_CERTIFIED_REGRET
20262020,M1_32,3000,interior_quarter,primary_interior,3.0577097236693422,AVAILABLE,,0.09453125000000001,0.09106390413362532,interior,interior_grid,0.5695241075258558,0.5719981356786705,0.5717823130524995,0.0002158226261710361,0.12331097546398251,-0.0029640341545889015,0.12331097546398251,0.0029640341545889015,4.885354787337222e-07,1.7394489966658385e-19,False,False,FLOATING_D_NOT_CERTIFIED_REGRET
20262020,M1_32,3000,interior_half,primary_interior,5.143037576828834,AVAILABLE,,0.05568359375000001,0.05259262098465113,interior,interior_grid,0.7257113146733902,0.7167196763639674,0.7163464974857452,0.0003731788782221912,0.2385166995773993,0.0001134316709343608,0.2385166995773993,0.0001134316709343608,4.885354787337222e-07,1.7394489966658385e-19,False,False,FLOATING_D_NOT_CERTIFIED_REGRET
20262020,M1_32,3000,interior_three_quarters,primary_interior,7.228365429988326,AVAILABLE,,0.02,0.032677022493444396,interior,lower_boundary,0.7814974615326308,0.8158172928936476,0.8034316653216095,0.012385627572038094,-2.0853278531594928,1.839599440347353,2.0853278531594928,0.0,4.885354787337222e-07,1.7394489966658385e-19,True,False,FLOATING_D_NOT_CERTIFIED_REGRET
20262020,M1_32,3000,A_transition,secondary_boundary_or_transition,9.313693283147819,AVAILABLE,,0.02,0.02,lower_boundary,lower_boundary,0.8232040185958206,0.8575238499568374,0.8575238499568374,0.0,0.0,3.9249272935068458,0.0,0.0,4.885354787337222e-07,0.0,False,False,FLOATING_D_NOT_CERTIFIED_REGRET
20262020,M1_32,3000,A_three_halves,secondary_boundary_or_transition,13.970539924721727,AVAILABLE,,0.02,0.02,lower_boundary,lower_boundary,0.9163409514272989,0.9506607827883156,0.9506607827883156,0.0,4.6568466415739085,8.581773935080754,0.0,0.0,4.885354787337222e-07,0.0,False,False,FLOATING_D_NOT_CERTIFIED_REGRET
